Unnamed: 0,지점명,주소,당행,x,y,도로명주소_after,x_cam,y_cam,Distance,Distance_after
0,대구지점,경북 영주시 가흥공단로 63,10000,128.591313586076,36.8275931058547,대구광역시 달성군 현풍면 테크노중앙대로 333,128.455011037452,35.7056387443107,130.64,149.89
1,대구지점,경북 칠곡군 석적읍 3공단2로 64,4500,128.406800908775,36.0858633740952,대구광역시 달성군 현풍면 테크노중앙대로 333,128.455011037452,35.7056387443107,42.77,61.87
4,대구지점,대구 수성구 달구벌대로 2310,238134,128.614946855347,35.8593142668444,대구광역시 달성군 현풍면 테크노중앙대로 333,128.455011037452,35.7056387443107,5.89,30.05
6,대구지점,경북 김천시 공단3길 64,43759,128.130446622879,36.1520692112922,대구광역시 달성군 현풍면 테크노중앙대로 333,128.455011037452,35.7056387443107,72.48,76.88
12,대구지점,대구 달서구 달서대로109길 152,8000,128.47429693971,35.8491979052843,대구광역시 달성군 현풍면 테크노중앙대로 333,128.455011037452,35.7056387443107,22.96,22.61
16,대구지점,대구 달서구 성서서로 57,4139,128.499085753739,35.8301768447263,대구광역시 달성군 현풍면 테크노중앙대로 333,128.455011037452,35.7056387443107,17.83,19.13
21,대구지점,경북 칠곡군 가산면 호국로 1306-2,4020,128.500376389145,36.0499970676766,대구광역시 달성군 현풍면 테크노중앙대로 333,128.455011037452,35.7056387443107,26.33,50.68
25,대구지점,대구 달서구 호산동로1길 71,1800,128.479668664278,35.8387219119024,대구광역시 달성군 현풍면 테크노중앙대로 333,128.455011037452,35.7056387443107,18.2,21.31
30,대구지점,대구 달서구 성서4차첨단로 392,0,128.506782251639,35.8179174273569,대구광역시 달성군 현풍면 테크노중앙대로 333,128.455011037452,35.7056387443107,17.43,17.31
33,대구지점,경북 칠곡군 왜관읍 아곡6길 42,2700,128.430060927894,36.0060498192132,대구광역시 달성군 현풍면 테크노중앙대로 333,128.455011037452,35.7056387443107,29.27,48.37
37,대구지점,대구 달성군 논공읍 논공로 602,14257,128.457542580505,35.7381428505309,대구광역시 달성군 현풍면 테크노중앙대로 333,128.455011037452,35.7056387443107,32.03,7.21
38,대구지점,대구 달성군 다사읍 세천로1길 52,3000,128.46516205377,35.8735695541133,대구광역시 달성군 현풍면 테크노중앙대로 333,128.455011037452,35.7056387443107,20.42,25.84
40,대구지점,대구 달서구 호산동로 12-9,4860,128.486895285692,35.8365115439881,대구광역시 달성군 현풍면 테크노중앙대로 333,128.455011037452,35.7056387443107,18.9,20.85
42,대구지점,대구 북구 검단공단로 33,4000,128.616687716296,35.9088830861104,대구광역시 달성군 현풍면 테크노중앙대로 333,128.455011037452,35.7056387443107,4.27,37.74
51,대구지점,대구 중구 국채보상로 642,2910,128.600666146312,35.8695438779141,대구광역시 달성군 현풍면 테크노중앙대로 333,128.455011037452,35.7056387443107,2.54,30.36
58,대구지점,대구 달성군 논공읍 논공중앙로45길 16,35792,128.460052561459,35.7338619977923,대구광역시 달성군 현풍면 테크노중앙대로 333,128.455011037452,35.7056387443107,31.44,6.69
59,대구지점,대구 동구 안심로59길 8,4193,128.718816198047,35.8669955048587,대구광역시 달성군 현풍면 테크노중앙대로 333,128.455011037452,35.7056387443107,13.0,36.86
72,대구지점,경북 경산시 진량읍 공단4로 50,11000,128.824543675709,35.8620872652612,대구광역시 달성군 현풍면 테크노중앙대로 333,128.455011037452,35.7056387443107,30.61,61.85
89,대구지점,대구 수성구 앞산터널로 503,25544,128.613370423269,35.8099518774951,대구광역시 달성군 현풍면 테크노중앙대로 333,128.455011037452,35.7056387443107,11.86,23.79
93,대구지점,경남 창녕군 대합면 도개길 59,8400,128.453852840649,35.5949575566991,대구광역시 달성군 현풍면 테크노중앙대로 333,128.455011037452,35.7056387443107,49.66,15.56
104,대구지점,"대구 동구 동대구로 489, 16층",0,128.624820434279,35.87420851297,대구광역시 달성군 현풍면 테크노중앙대로 333,128.455011037452,35.7056387443107,4.2,32.44
109,대구지점,대구 동구 동부로 102,15770,128.623408972292,35.8756677096647,대구광역시 달성군 현풍면 테크노중앙대로 333,128.455011037452,35.7056387443107,4.36,32.69
118,대구지점,대구 동구 동촌로 363,9518,128.679222734366,35.8774632627853,대구광역시 달성군 현풍면 테크노중앙대로 333,128.455011037452,35.7056387443107,9.3,36.76
122,대구지점,대구 북구 검단로 177-17,18180,128.623809716047,35.9121753165343,대구광역시 달성군 현풍면 테크노중앙대로 333,128.455011037452,35.7056387443107,4.95,39.01
126,대구지점,대구 달서구 두류공원로 200,54000,128.564820995296,35.8548554163402,대구광역시 달성군 현풍면 테크노중앙대로 333,128.455011037452,35.7056387443107,5.84,24.21
130,대구지점,대구 달서구 월배로 410,3434,128.551874080079,35.8307396499992,대구광역시 달성군 현풍면 테크노중앙대로 333,128.455011037452,35.7056387443107,8.24,19.77
132,대구지점,경북 영천시 북안면 운북로 2053,12134,129.005809010753,35.9204633204088,대구광역시 달성군 현풍면 테크노중앙대로 333,128.455011037452,35.7056387443107,50.3,80.98
134,대구지점,경북 경산시 와촌면 와천서길 249,8012,128.841410513931,35.9451677975584,대구광역시 달성군 현풍면 테크노중앙대로 333,128.455011037452,35.7056387443107,33.67,64.35
137,대구지점,대구 중구 북성로 38,5000,128.586509095119,35.8736264610096,대구광역시 달성군 현풍면 테크노중앙대로 333,128.455011037452,35.7056387443107,2.94,31.74
144,대구지점,대구 달서구 성서공단북로 34,4500,128.476408677215,35.8436894823259,대구광역시 달성군 현풍면 테크노중앙대로 333,128.455011037452,35.7056387443107,18.51,22.0
148,대구지점,경북 경산시 진량읍 공단7로 55,54450,128.828183118366,35.8633106872138,대구광역시 달성군 현풍면 테크노중앙대로 333,128.455011037452,35.7056387443107,31.2,62.21
152,대구지점,대구 달성군 다사읍 세천로7길 17-24,8574,128.468025866306,35.8745777662097,대구광역시 달성군 현풍면 테크노중앙대로 333,128.455011037452,35.7056387443107,19.86,29.44
153,대구지점,대구 달서구 성서4차첨단로 171,1000,128.517130282837,35.8293349750459,대구광역시 달성군 현풍면 테크노중앙대로 333,128.455011037452,35.7056387443107,15.68,18.85
164,대구지점,대구 중구 동인동 25번지,2931,128.607307338108,35.870439051838,대구광역시 달성군 현풍면 테크노중앙대로 333,128.455011037452,35.7056387443107,2.93,31.02
171,대구지점,대구 북구 노원로 139-6,17150,128.575670009245,35.8982244743586,대구광역시 달성군 현풍면 테크노중앙대로 333,128.455011037452,35.7056387443107,5.13,34.82
172,대구지점,대구 수성구 명덕로 415,20000,128.615554877452,35.8546264607867,대구광역시 달성군 현풍면 테크노중앙대로 333,128.455011037452,35.7056387443107,6.38,28.93
179,대구지점,경남 김해시 주촌면 골든루트로 104-2,29576,128.830675067574,35.2150890543226,대구광역시 달성군 현풍면 테크노중앙대로 333,128.455011037452,35.7056387443107,122.16,91.28
190,대구지점,경북 경산시 와촌면 금송로87길 22,2000,128.833657522186,35.9488430653301,대구광역시 달성군 현풍면 테크노중앙대로 333,128.455011037452,35.7056387443107,33.24,63.92
205,대구지점,경북 안동시 공단로 36-9,4200,128.705615596922,36.5491220003923,대구광역시 달성군 현풍면 테크노중앙대로 333,128.455011037452,35.7056387443107,95.93,115.17
208,대구지점,대구 동구 화랑로99길 9,0,128.67722707646,35.8764717025119,대구광역시 달성군 현풍면 테크노중앙대로 333,128.455011037452,35.7056387443107,9.22,36.34
211,대구지점,대구 달성군 다사읍 세천로3길 36,19431,128.467159881116,35.8742463580772,대구광역시 달성군 현풍면 테크노중앙대로 333,128.455011037452,35.7056387443107,20.17,25.94
212,대구지점,"대구 동구 화랑로80길 8, 146동 3층 307호",138,128.666113165942,35.8757757374524,대구광역시 달성군 현풍면 테크노중앙대로 333,128.455011037452,35.7056387443107,8.67,35.79
222,대구지점,경남 김해시 주촌면 서부로1293번길 57,1750,128.802459671604,35.2242159727533,대구광역시 달성군 현풍면 테크노중앙대로 333,128.455011037452,35.7056387443107,120.35,92.77
224,대구지점,대구 북구 매천로 63,290,128.540070093653,35.9026181727215,대구광역시 달성군 현풍면 테크노중앙대로 333,128.455011037452,35.7056387443107,9.05,31.4
226,대구지점,대구 서구 와룡로 487,1350,128.538700262875,35.876342853813,대구광역시 달성군 현풍면 테크노중앙대로 333,128.455011037452,35.7056387443107,6.21,29.23
239,대구지점,경북 고령군 다산면 다산산단로 236,2450,128.375368486192,35.7967449754135,대구광역시 달성군 현풍면 테크노중앙대로 333,128.455011037452,35.7056387443107,41.77,19.04
242,대구지점,대구 서구 상중이동 1155번지,1000,128.539320364127,35.8616939125554,대구광역시 달성군 현풍면 테크노중앙대로 333,128.455011037452,35.7056387443107,7.94,27.5
267,대구지점,대구 북구 칠곡중앙대로 21,20000,128.547908306606,35.8981600669494,대구광역시 달성군 현풍면 테크노중앙대로 333,128.455011037452,35.7056387443107,5.02,31.34
268,대구지점,대구 북구 검단공단로 98,2464,128.614241857092,35.9141610523647,대구광역시 달성군 현풍면 테크노중앙대로 333,128.455011037452,35.7056387443107,4.92,37.85
273,대구지점,경북 경산시 진량읍 문천길 139-9,4097,128.834403253785,35.890780060041,대구광역시 달성군 현풍면 테크노중앙대로 333,128.455011037452,35.7056387443107,31.83,62.5
280,대구지점,경북 경산시 진량읍 공단7로 55,14675,128.828183118366,35.8633106872138,대구광역시 달성군 현풍면 테크노중앙대로 333,128.455011037452,35.7056387443107,31.2,62.21
286,대구지점,대구 수성구 알파시티1로35길 23,1190,128.679444063665,35.8345480390375,대구광역시 달성군 현풍면 테크노중앙대로 333,128.455011037452,35.7056387443107,13.02,31.97
292,대구지점,대구 달성군 유가읍 테크노순환로1길 30,3500,128.451412415171,35.6776563674073,대구광역시 달성군 현풍면 테크노중앙대로 333,128.455011037452,35.7056387443107,39.65,4.31
294,대구지점,대구 수성구 알파시티1로31길 26,4380,128.680734018797,35.8343777994615,대구광역시 달성군 현풍면 테크노중앙대로 333,128.455011037452,35.7056387443107,12.95,31.9
297,대구지점,대구 북구 검단공단로 72,8000,128.615644972229,35.9121908605127,대구광역시 달성군 현풍면 테크노중앙대로 333,128.455011037452,35.7056387443107,4.67,40.23
303,대구지점,대구 서구 가르뱅이로10길 31,2977,128.532800180779,35.8848049425388,대구광역시 달성군 현풍면 테크노중앙대로 333,128.455011037452,35.7056387443107,6.47,29.35
304,대구지점,경북 김천시 공단3길 64,0,128.130446622879,36.1520692112922,대구광역시 달성군 현풍면 테크노중앙대로 333,128.455011037452,35.7056387443107,72.48,76.88
305,대구지점,대구 달서구 달서대로 232,2011,128.494076807408,35.8219717827468,대구광역시 달성군 현풍면 테크노중앙대로 333,128.455011037452,35.7056387443107,19.36,19.08
306,대구지점,대구 달서구 와룡로45길 72-14,4400,128.533309522514,35.8538339759665,대구광역시 달성군 현풍면 테크노중앙대로 333,128.455011037452,35.7056387443107,12.66,26.32
311,대구지점,대구 수성구 알파시티1로 117,2584,128.68697204768,35.8341554763538,대구광역시 달성군 현풍면 테크노중앙대로 333,128.455011037452,35.7056387443107,13.04,32.75
317,대구지점,경북 영주시 가흥공단로 71,25000,128.590691827379,36.8271467778214,대구광역시 달성군 현풍면 테크노중앙대로 333,128.455011037452,35.7056387443107,130.71,149.96
318,대구지점,경북 문경시 가은읍 가은공단길 97,4690,128.076297377338,36.6393831349878,대구광역시 달성군 현풍면 테크노중앙대로 333,128.455011037452,35.7056387443107,126.64,141.51
320,대구지점,대구 서구 염색공단천로3길 11,0,128.5527654417,35.8910272352012,대구광역시 달성군 현풍면 테크노중앙대로 333,128.455011037452,35.7056387443107,4.39,31.98
321,대구지점,대구 중구 달성로 100,18800,128.582534755256,35.874079904906,대구광역시 달성군 현풍면 테크노중앙대로 333,128.455011037452,35.7056387443107,2.51,33.01
333,대구지점,대구 달서구 달서대로85길 77,7300,128.483109275174,35.8368561697343,대구광역시 달성군 현풍면 테크노중앙대로 333,128.455011037452,35.7056387443107,18.96,20.91
335,대구지점,대구 달성군 유가읍 테크노순환로5길 14,3000,128.462191127577,35.6816512885849,대구광역시 달성군 현풍면 테크노중앙대로 333,128.455011037452,35.7056387443107,40.57,3.41
337,대구지점,대구 달성군 논공읍 비슬로262길 59-9,5000,128.414093029211,35.748580983101,대구광역시 달성군 현풍면 테크노중앙대로 333,128.455011037452,35.7056387443107,31.68,8.47
353,대구지점,대구 동구 동부로22길 28,9200,128.626436089847,35.8741668186501,대구광역시 달성군 현풍면 테크노중앙대로 333,128.455011037452,35.7056387443107,5.41,32.59
355,대구지점,"서울 금천구 가산디지털1로 186, 213호",293,126.881581110867,37.4819130872905,대구광역시 달성군 현풍면 테크노중앙대로 333,128.455011037452,35.7056387443107,293.76,308.63
361,대구지점,서울 용산구 한강대로 42,606000,126.964197674537,37.5245456464592,대구광역시 달성군 현풍면 테크노중앙대로 333,128.455011037452,35.7056387443107,285.86,299.76
364,대구지점,대구 달서구 호산동로 13,2000,128.48539197918,35.8364240709178,대구광역시 달성군 현풍면 테크노중앙대로 333,128.455011037452,35.7056387443107,18.63,20.59
378,대구지점,세종 연동면 명학산단로 130,3200,127.328429608911,36.5493086254943,대구광역시 달성군 현풍면 테크노중앙대로 333,128.455011037452,35.7056387443107,171.93,186.8
395,대구지점,"서울 강남구 가로수길 77, 5층",48000,127.022304843969,37.5230240201008,대구광역시 달성군 현풍면 테크노중앙대로 333,128.455011037452,35.7056387443107,279.92,294.78
396,대구지점,서울 강남구 삼성2동 144-17번지 골든타워 2층,34800,127.055534094789,37.5077443017368,대구광역시 달성군 현풍면 테크노중앙대로 333,128.455011037452,35.7056387443107,280.22,295.31
399,대구지점,경기 화성시 우정읍 쌍봉로 634-93,1200,126.802516564093,37.1286090976822,대구광역시 달성군 현풍면 테크노중앙대로 333,128.455011037452,35.7056387443107,269.4,284.26
409,대구지점,"2 OFFICE PARK COURT, SUITE 103, COLUMBIA, SOUTH CAROLINA 29223",0,NAN,NAN,대구광역시 달성군 현풍면 테크노중앙대로 333,128.455011037452,35.7056387443107,,
412,대구지점,경북 경산시 진량읍 공단7로 42,6655,128.828925127478,35.8619948544973,대구광역시 달성군 현풍면 테크노중앙대로 333,128.455011037452,35.7056387443107,31.22,62.2
2,울산지점,울산 남구 사평로 251,5100,129.333817660781,35.5096556464557,울산광역시 울주군 언양읍 유니스트길 50,129.187618949573,35.5773071411833,5.33,18.0
3,울산지점,울산 울주군 청량읍 상개로 63-15,80000,129.316420269813,35.4907438892293,울산광역시 울주군 언양읍 유니스트길 50,129.187618949573,35.5773071411833,6.57,19.76
8,울산지점,울산 울주군 온산읍 처용산업2길 12,50000,129.343287908825,35.4640405477484,울산광역시 울주군 언양읍 유니스트길 50,129.187618949573,35.5773071411833,11.31,25.18
9,울산지점,울산 울주군 범서읍 정지불길 119,4300,129.237597050963,35.6150062692854,울산광역시 울주군 언양읍 유니스트길 50,129.187618949573,35.5773071411833,14.73,10.0
14,울산지점,울산 울주군 웅촌면 밭마당길 20,1000,129.172064118278,35.4465604679997,울산광역시 울주군 언양읍 유니스트길 50,129.187618949573,35.5773071411833,19.07,18.45
17,울산지점,울산 남구 삼산중로 94,7550,129.335927880658,35.5418454215584,울산광역시 울주군 언양읍 유니스트길 50,129.187618949573,35.5773071411833,3.46,16.35
19,울산지점,울산 남구 장생포로 389,22140,129.383353241518,35.5087141437875,울산광역시 울주군 언양읍 유니스트길 50,129.187618949573,35.5773071411833,8.04,22.52
20,울산지점,울산 남구 용잠로 328,0,129.367887389388,35.487939459466,울산광역시 울주군 언양읍 유니스트길 50,129.187618949573,35.5773071411833,9.04,21.77
26,울산지점,충북 음성군 금왕읍 금율로30번길 32-10,939,127.547327423146,37.0105705565412,울산광역시 울주군 언양읍 유니스트길 50,129.187618949573,35.5773071411833,275.29,269.89
28,울산지점,울산 울주군 두동면 봉계농공길 17-8,300,129.206055532216,35.7068206962004,울산광역시 울주군 언양읍 유니스트길 50,129.187618949573,35.5773071411833,40.63,30.45
29,울산지점,울산 남구 용잠로 353,87264,129.37027556334,35.4970206117201,울산광역시 울주군 언양읍 유니스트길 50,129.187618949573,35.5773071411833,9.44,22.16
31,울산지점,울산 울주군 상북면 길천산업2길 24-19,350,129.077636679274,35.597494223169,울산광역시 울주군 언양읍 유니스트길 50,129.187618949573,35.5773071411833,27.91,17.54
32,울산지점,울산 울주군 온산읍 우봉강양로 3-36,204714,129.354874138662,35.4072552341396,울산광역시 울주군 언양읍 유니스트길 50,129.187618949573,35.5773071411833,18.74,31.93
35,울산지점,경남 김해시 진영읍 본산2로 103,1520,128.75722652998,35.31266766193,울산광역시 울주군 언양읍 유니스트길 50,129.187618949573,35.5773071411833,80.92,73.36
41,울산지점,서울 서초구 마방로6길 17,19000,127.042379259406,37.4750787758774,울산광역시 울주군 언양읍 유니스트길 50,129.187618949573,35.5773071411833,359.59,354.19
43,울산지점,울산 남구 장생포로 83,114919,129.35211169731,35.5201321369648,울산광역시 울주군 언양읍 유니스트길 50,129.187618949573,35.5773071411833,5.1,19.57
50,울산지점,울산 울주군 삼동면 보은로 11,0,129.138511149241,35.5073710773598,울산광역시 울주군 언양읍 유니스트길 50,129.187618949573,35.5773071411833,19.56,13.24
56,울산지점,경북 영천시 북안면 내서로 55-25,4900,129.015122715856,35.9108861527136,울산광역시 울주군 언양읍 유니스트길 50,129.187618949573,35.5773071411833,71.62,66.22
61,울산지점,경남 양산시 어곡공단3길 14-2,4000,129.017817580324,35.3802162681114,울산광역시 울주군 언양읍 유니스트길 50,129.187618949573,35.5773071411833,47.8,39.55
62,울산지점,"울산 남구 중앙로 230, 6층",4700,129.311879231799,35.5414908474174,울산광역시 울주군 언양읍 유니스트길 50,129.187618949573,35.5773071411833,1.18,13.38
64,울산지점,울산 남구 사평로 60,34000,129.327187114242,35.492082387322,울산광역시 울주군 언양읍 유니스트길 50,129.187618949573,35.5773071411833,6.78,19.6
66,울산지점,울산 남구 신항로716번길 1,13098,129.363425025,35.458798659311,울산광역시 울주군 언양읍 유니스트길 50,129.187618949573,35.5773071411833,11.79,27.09
69,울산지점,울산 북구 효암로 84-13,26918,129.366642688597,35.5547326127481,울산광역시 울주군 언양읍 유니스트길 50,129.187618949573,35.5773071411833,7.24,18.07
75,울산지점,울산 북구 송도길 60,1100,129.371053303339,35.5646158301367,울산광역시 울주군 언양읍 유니스트길 50,129.187618949573,35.5773071411833,9.07,20.03
78,울산지점,경남 양산시 덕계서로 177,4200,NAN,NAN,울산광역시 울주군 언양읍 유니스트길 50,129.187618949573,35.5773071411833,,
84,울산지점,울산 울주군 온산읍 연자로 51,51348,129.35792629092,35.418880993229,울산광역시 울주군 언양읍 유니스트길 50,129.187618949573,35.5773071411833,16.7,29.89
86,울산지점,"울산 남구 북부순환도로 17, 1401호",250,129.265364192479,35.551712956653,울산광역시 울주군 언양읍 유니스트길 50,129.187618949573,35.5773071411833,6.11,8.53
91,울산지점,울산 울주군 온산읍 화산리 1281-2번지,3100,129.327565537781,35.4316082726511,울산광역시 울주군 언양읍 유니스트길 50,129.187618949573,35.5773071411833,13.92,28.07
96,울산지점,경남 김해시 생림면 나전로161번길 103,3100,128.875303231457,35.3044288716078,울산광역시 울주군 언양읍 유니스트길 50,129.187618949573,35.5773071411833,69.27,61.22
113,울산지점,울산 울주군 웅촌면 웅촌로 392-6,8164,129.211809343025,35.4639352026714,울산광역시 울주군 언양읍 유니스트길 50,129.187618949573,35.5773071411833,15.38,17.34
115,울산지점,울산 북구 효성로 43,367,129.368871438715,35.5631568777886,울산광역시 울주군 언양읍 유니스트길 50,129.187618949573,35.5773071411833,8.58,19.52
119,울산지점,인천 서구 북항로32번길 47-18,4600,126.643014775616,37.5114729018444,울산광역시 울주군 언양읍 유니스트길 50,129.187618949573,35.5773071411833,395.6,390.64
120,울산지점,울산 울주군 온산읍 화산1길 18,3000,129.330285169816,35.4239368568146,울산광역시 울주군 언양읍 유니스트길 50,129.187618949573,35.5773071411833,14.92,29.84
123,울산지점,울산 울주군 언양읍 반천반송산업로 137-66,10611,129.147765977308,35.5615447924876,울산광역시 울주군 언양읍 유니스트길 50,129.187618949573,35.5773071411833,19.16,8.74
124,울산지점,울산 울주군 온산읍 당월로 594,2000,129.34540664504,35.4555196228192,울산광역시 울주군 언양읍 유니스트길 50,129.187618949573,35.5773071411833,11.79,24.98
131,울산지점,울산 울주군 삼남읍 가천금사길 208-13,0,129.082916035603,35.5223743017417,울산광역시 울주군 언양읍 유니스트길 50,129.187618949573,35.5773071411833,29.36,19.13
146,울산지점,울산 남구 용연로248번길 83,150,129.352430405936,35.4705281460025,울산광역시 울주군 언양읍 유니스트길 50,129.187618949573,35.5773071411833,12.28,26.02
150,울산지점,울산 북구 모듈화산업로 207-14,3000,129.373190619609,35.5804308135009,울산광역시 울주군 언양읍 유니스트길 50,129.187618949573,35.5773071411833,9.88,19.88
151,울산지점,울산 남구 장생포고래로 305,3000,129.384176055763,35.506771607917,울산광역시 울주군 언양읍 유니스트길 50,129.187618949573,35.5773071411833,8.22,22.7
154,울산지점,울산 울주군 온양읍 광청로 379-24,600,129.23901416403,35.4396905030706,울산광역시 울주군 언양읍 유니스트길 50,129.187618949573,35.5773071411833,19.64,26.57
155,울산지점,울산 울주군 온산읍 원산리 891-5번지,27958,129.33946343242,35.4184309056285,울산광역시 울주군 언양읍 유니스트길 50,129.187618949573,35.5773071411833,15.46,30.38
157,울산지점,울산 울주군 온산읍 처용산업1길 57,1000,129.334200651722,35.4653492674703,울산광역시 울주군 언양읍 유니스트길 50,129.187618949573,35.5773071411833,11.04,24.49
158,울산지점,부산 서구 원양로 171,1000,129.010272946881,35.0664463788069,울산광역시 울주군 언양읍 유니스트길 50,129.187618949573,35.5773071411833,71.07,77.33
167,울산지점,"부산 강서구 유통단지1로97번길 11, 114동",300,128.95097344012,35.1655012669025,울산광역시 울주군 언양읍 유니스트길 50,129.187618949573,35.5773071411833,69.06,61.5
168,울산지점,울산 울주군 온산읍 화산1길 13,1000,129.329909538854,35.4241996529525,울산광역시 울주군 언양읍 유니스트길 50,129.187618949573,35.5773071411833,14.92,29.84
169,울산지점,울산 울주군 웅촌면 고연공단5길 40-19,10685,129.170143059192,35.4391205534937,울산광역시 울주군 언양읍 유니스트길 50,129.187618949573,35.5773071411833,24.34,28.85
174,울산지점,울산 울주군 온산읍 화산2길 11,800,129.330988643929,35.4249349081798,울산광역시 울주군 언양읍 유니스트길 50,129.187618949573,35.5773071411833,14.94,29.86
177,울산지점,경남 김해시 진례면 고모로324번길 102,900,128.775128851382,35.2510157166925,울산광역시 울주군 언양읍 유니스트길 50,129.187618949573,35.5773071411833,86.36,78.79
181,울산지점,울산 울주군 청량읍 용암길 51,874,129.323452048845,35.4724494020449,울산광역시 울주군 언양읍 유니스트길 50,129.187618949573,35.5773071411833,9.16,21.51
182,울산지점,부산 강서구 미음산단4로 46,19904,128.85703576229,35.1546842342978,울산광역시 울주군 언양읍 유니스트길 50,129.187618949573,35.5773071411833,78.21,70.64
191,울산지점,울산 남구 신정로88번길 8,108,129.321231194879,35.5396736066552,울산광역시 울주군 언양읍 유니스트길 50,129.187618949573,35.5773071411833,1.56,15.13
196,울산지점,울산 울주군 온산읍 연자로 51,0,129.35792629092,35.418880993229,울산광역시 울주군 언양읍 유니스트길 50,129.187618949573,35.5773071411833,16.7,29.89
197,울산지점,경남 양산시 상북면 석계산단1길 114,6958,129.071362981208,35.4158059911008,울산광역시 울주군 언양읍 유니스트길 50,129.187618949573,35.5773071411833,39.48,31.28
198,울산지점,울산 북구 모듈화산업로 207-14,37349,129.373190619609,35.5804308135009,울산광역시 울주군 언양읍 유니스트길 50,129.187618949573,35.5773071411833,9.88,19.88
209,울산지점,울산 남구 용연로 106,9700,129.359688828929,35.483423197687,울산광역시 울주군 언양읍 유니스트길 50,129.187618949573,35.5773071411833,8.75,21.47
213,울산지점,울산 울주군 온산읍 처용산업3길 12,7771,129.335163416088,35.4716144069647,울산광역시 울주군 언양읍 유니스트길 50,129.187618949573,35.5773071411833,9.63,23.51
214,울산지점,경남 양산시 산막공단남11길 35,5000,129.058345685857,35.3655099976047,울산광역시 울주군 언양읍 유니스트길 50,129.187618949573,35.5773071411833,43.51,37.58
216,울산지점,경남 밀양시 초동면 초동농공단지길 39-56,4212,128.658007839997,35.4192411930566,울산광역시 울주군 언양읍 유니스트길 50,129.187618949573,35.5773071411833,84.26,80.1
217,울산지점,부산 강서구 생곡산단1로 29,1000,128.888587736717,35.1362930341743,울산광역시 울주군 언양읍 유니스트길 50,129.187618949573,35.5773071411833,76.02,70.76
225,울산지점,울산 남구 장생포고래로 273,5970,129.383654267637,35.5048667379162,울산광역시 울주군 언양읍 유니스트길 50,129.187618949573,35.5773071411833,8.66,23.14
227,울산지점,울산 울주군 온양읍 중광2길 38-15,3000,129.227457508684,35.4418020644044,울산광역시 울주군 언양읍 유니스트길 50,129.187618949573,35.5773071411833,19.12,25.95
229,울산지점,울산 남구 상개로 34-74,700,129.322420484321,35.4877109278104,울산광역시 울주군 언양읍 유니스트길 50,129.187618949573,35.5773071411833,7.41,20.6
231,울산지점,경남 창원시 성산구 공단로473번길 57,6000,128.672879217047,35.2085767353507,울산광역시 울주군 언양읍 유니스트길 50,129.187618949573,35.5773071411833,92.77,84.31
234,울산지점,울산 울주군 웅촌면 고연공단2길 37-16,600,129.169257166535,35.4406442083325,울산광역시 울주군 언양읍 유니스트길 50,129.187618949573,35.5773071411833,24.47,19.25
235,울산지점,울산 울주군 언양읍 반천산업로 53,12400,129.14710771475,35.5581758001519,울산광역시 울주군 언양읍 유니스트길 50,129.187618949573,35.5773071411833,18.87,8.45
236,울산지점,울산 울주군 온양읍 광청로 394-46,1000,129.235761588164,35.4348304846185,울산광역시 울주군 언양읍 유니스트길 50,129.187618949573,35.5773071411833,19.74,26.93
237,울산지점,"울산 남구 돋질로 423, 3층",7000,129.351340254706,35.5433485615421,울산광역시 울주군 언양읍 유니스트길 50,129.187618949573,35.5773071411833,4.25,16.69
244,울산지점,경남 김해시 진영읍 하계로 283,1000,128.731180645377,35.2891756007979,울산광역시 울주군 언양읍 유니스트길 50,129.187618949573,35.5773071411833,88.41,80.36
249,울산지점,경기 광주시 초월읍 지월로100번길 29-67,2293,127.300186524563,37.4085702556259,울산광역시 울주군 언양읍 유니스트길 50,129.187618949573,35.5773071411833,330.37,324.97
265,울산지점,울산 울주군 상북면 길천산업로 519,2100,129.084929632708,35.5884130793143,울산광역시 울주군 언양읍 유니스트길 50,129.187618949573,35.5773071411833,26.96,16.53
275,울산지점,경남 창원시 성산구 정동로162번길 40,50000,128.697088523473,35.2006428214188,울산광역시 울주군 언양읍 유니스트길 50,129.187618949573,35.5773071411833,90.01,81.95
278,울산지점,부산 기장군 정관읍 산단5로 104-20,1500,129.201914306265,35.3187851211089,울산광역시 울주군 언양읍 유니스트길 50,129.187618949573,35.5773071411833,33.2,43.16
279,울산지점,울산 울주군 삼남읍 방기가천로 410,16000,129.086700530385,35.5253938113433,울산광역시 울주군 언양읍 유니스트길 50,129.187618949573,35.5773071411833,28.83,18.61
284,울산지점,울산 남구 테크노산업로29번길 175,4221,129.302707014783,35.5028112429573,울산광역시 울주군 언양읍 유니스트길 50,129.187618949573,35.5773071411833,4.66,16.2
299,울산지점,울산 울주군 언양읍 대암둔기로 48-80,200,129.174825421754,35.547055491724,울산광역시 울주군 언양읍 유니스트길 50,129.187618949573,35.5773071411833,15.87,5.44
308,울산지점,경남 김해시 주촌면 서부로1541번안길 50-36,1488,128.810974366564,35.2362594341759,울산광역시 울주군 언양읍 유니스트길 50,129.187618949573,35.5773071411833,77.51,69.65
314,울산지점,충남 아산시 인주면 해암로 157,2000,126.89205789747,36.8432147803268,울산광역시 울주군 언양읍 유니스트길 50,129.187618949573,35.5773071411833,315.84,310.44
322,울산지점,울산 남구 부두로 393,15000,129.362546894819,35.5395336691751,울산광역시 울주군 언양읍 유니스트길 50,129.187618949573,35.5773071411833,9.21,23.7
327,울산지점,"울산 중구 동천1길 40, 비비125호,비비128호",300,129.345933620638,35.5846244686024,울산광역시 울주군 언양읍 유니스트길 50,129.187618949573,35.5773071411833,7.12,17.12
328,울산지점,"경기 포천시 화합로 169-32, 1층",15813,127.127107116119,37.841558117203,울산광역시 울주군 언양읍 유니스트길 50,129.187618949573,35.5773071411833,395.02,388.05
345,울산지점,울산 울주군 웅촌면 곡천검단로 178,1000,129.190467706701,35.4569507060134,울산광역시 울주군 언양읍 유니스트길 50,129.187618949573,35.5773071411833,17.31,19.27
352,울산지점,"울산 북구 산성로 40, 907-1호",2000,NAN,NAN,울산광역시 울주군 언양읍 유니스트길 50,129.187618949573,35.5773071411833,,
363,울산지점,경남 양산시 동면 양산대로 377,13750,129.025179061521,35.3065848059144,울산광역시 울주군 언양읍 유니스트길 50,129.187618949573,35.5773071411833,51.98,43.92
370,울산지점,경남 거제시 연초면 오비4길 13,5000,128.61974567748,34.9185570551599,울산광역시 울주군 언양읍 유니스트길 50,129.187618949573,35.5773071411833,127.81,118.15
375,울산지점,"서울 강남구 봉은사로 215, 12층",34805,127.035564754127,37.5080879867462,울산광역시 울주군 언양읍 유니스트길 50,129.187618949573,35.5773071411833,364.58,358.79
377,울산지점,경기 부천시 신흥로284번길 35,10000,126.776888229167,37.5090087980351,울산광역시 울주군 언양읍 유니스트길 50,129.187618949573,35.5773071411833,388.2,381.5
390,울산지점,울산 울주군 삼남읍 가천공단1길 27,18000,129.087704380626,35.5264274865042,울산광역시 울주군 언양읍 유니스트길 50,129.187618949573,35.5773071411833,28.97,18.75
400,울산지점,서울 영등포구 은행로 14,13500,126.920832037248,37.5271223982536,울산광역시 울주군 언양읍 유니스트길 50,129.187618949573,35.5773071411833,377.59,369.8
402,울산지점,"울산 남구 수암로 292, 2층",1821,129.33625709016,35.521122702927,울산광역시 울주군 언양읍 유니스트길 50,129.187618949573,35.5773071411833,3.5,16.29
406,울산지점,"경기 포천시 화합로 169-32, 1층",20000,127.127107116119,37.841558117203,울산광역시 울주군 언양읍 유니스트길 50,129.187618949573,35.5773071411833,395.02,388.05
413,울산지점,울산 울주군 온산읍 처용산업2길 12,50000,129.343287908825,35.4640405477484,울산광역시 울주군 언양읍 유니스트길 50,129.187618949573,35.5773071411833,11.31,25.18
5,대전지점,대전 대덕구 문평서로 42,9500,127.398769952021,36.4466451276155,대전광역시 유성구 대학로 291,127.356981924269,36.3682827819718,11.85,12.75
7,대전지점,충남 천안시 서북구 직산읍 4산단3로 135,5000,127.116862505041,36.867062891797,대전광역시 유성구 대학로 291,127.356981924269,36.3682827819718,82.97,83.87
10,대전지점,대전 서구 영골길 158,5000,127.310309003707,36.2254045228415,대전광역시 유성구 대학로 291,127.356981924269,36.3682827819718,19.72,20.22
11,대전지점,충남 논산시 연산면 선비로720번길 40,6910,127.182066511415,36.2457223428786,대전광역시 유성구 대학로 291,127.356981924269,36.3682827819718,35.37,39.54
18,대전지점,경기 화성시 송산면 송산포도로 271,2000,126.719529651774,37.2160473387912,대전광역시 유성구 대학로 291,127.356981924269,36.3682827819718,146.72,147.66
22,대전지점,대전 서구 문정로48번길 48,50000,127.384061443964,36.3447243011965,대전광역시 유성구 대학로 291,127.356981924269,36.3682827819718,2.2,5.95
27,대전지점,충남 논산시 연산면 연산사계3길 76,1273,127.163922430876,36.2458854715154,대전광역시 유성구 대학로 291,127.356981924269,36.3682827819718,36.5,40.68
34,대전지점,대전 서구 둔산서로 81,64721,127.382634231369,36.3541013701974,대전광역시 유성구 대학로 291,127.356981924269,36.3682827819718,0.84,4.53
36,대전지점,충남 논산시 연무읍 황화로 107,285,127.091624224199,36.0828445537868,대전광역시 유성구 대학로 291,127.356981924269,36.3682827819718,53.03,52.43
39,대전지점,대전 유성구 온천로 9,1351,127.338779743928,36.3563034823053,대전광역시 유성구 대학로 291,127.356981924269,36.3682827819718,4.83,4.53
47,대전지점,대전 서구 대덕대로 211,30000,127.378167047167,36.3519543043064,대전광역시 유성구 대학로 291,127.356981924269,36.3682827819718,1.38,4.92
48,대전지점,대전 중구 유등천동로 762,4995,127.405427267114,36.3461129080724,대전광역시 유성구 대학로 291,127.356981924269,36.3682827819718,3.59,7.01
52,대전지점,대전 대덕구 신일동로67번길 24,0,127.411074073962,36.4405002855242,대전광역시 유성구 대학로 291,127.356981924269,36.3682827819718,12.0,12.9
53,대전지점,대전 유성구 관평동 533-1번지 미건테크노월드2차 204호,1800,127.406178039366,36.4239548614343,대전광역시 유성구 대학로 291,127.356981924269,36.3682827819718,10.36,11.95
57,대전지점,대전 유성구 교촌대정로 202,4330,127.306764288065,36.3188519852378,대전광역시 유성구 대학로 291,127.356981924269,36.3682827819718,10.74,10.33
60,대전지점,세종 연동면 청연로 442-16,3000,127.336652607942,36.5448627761569,대전광역시 유성구 대학로 291,127.356981924269,36.3682827819718,33.62,31.0
65,대전지점,"서울 종로구 종로 98, 4,5,6,7,8,9층",7000,NAN,NAN,대전광역시 유성구 대학로 291,127.356981924269,36.3682827819718,,
74,대전지점,충남 천안시 서북구 입장면 영산홍1길 12,3000,127.238072267395,36.9104972648568,대전광역시 유성구 대학로 291,127.356981924269,36.3682827819718,91.72,92.66
80,대전지점,충남 논산시 부적면 감곡1길 7-24,23900,127.167460917005,36.2073811027633,대전광역시 유성구 대학로 291,127.356981924269,36.3682827819718,36.78,40.95
81,대전지점,대전 대덕구 벚꽃길 71,0,127.428868808816,36.4361251834888,대전광역시 유성구 대학로 291,127.356981924269,36.3682827819718,12.86,14.2
83,대전지점,대전 서구 계룡로583번길 9,0,127.38827323153,36.3426223966208,대전광역시 유성구 대학로 291,127.356981924269,36.3682827819718,2.6,6.12
85,대전지점,경기 이천시 부발읍 경충대로 2042-1,47000,127.493248040578,37.2480955741448,대전광역시 유성구 대학로 291,127.356981924269,36.3682827819718,119.31,120.25
94,대전지점,충남 계룡시 두마면 제1산단로 25-46,12000,127.274167076999,36.2511025816125,대전광역시 유성구 대학로 291,127.356981924269,36.3682827819718,22.8,22.2
95,대전지점,전북 군산시 서수면 상장곤윗길 30,1000,126.885216193074,36.0095159819845,대전광역시 유성구 대학로 291,127.356981924269,36.3682827819718,77.16,76.02
97,대전지점,"충남 천안시 서북구 성정두정로 19, 2층 207호",1000,127.14076620156,36.8272340119024,대전광역시 유성구 대학로 291,127.356981924269,36.3682827819718,76.36,77.26
98,대전지점,대전 서구 월평중로 25,3000,127.36369342593,36.3569597497444,대전광역시 유성구 대학로 291,127.356981924269,36.3682827819718,2.21,3.12
100,대전지점,대전 유성구 죽동로 141,5500,127.335828532365,36.3788060097067,대전광역시 유성구 대학로 291,127.356981924269,36.3682827819718,6.54,5.92
105,대전지점,충남 천안시 서북구 성거읍 정자1길 10,10000,127.192616262815,36.8887093318085,대전광역시 유성구 대학로 291,127.356981924269,36.3682827819718,82.47,83.4
106,대전지점,대전 유성구 가정북로 26-121,2000,127.364597795839,36.3870553337904,대전광역시 유성구 대학로 291,127.356981924269,36.3682827819718,5.11,4.87
110,대전지점,세종 전의면 신흥리 96-1번지,4700,127.189595770746,36.6648760738071,대전광역시 유성구 대학로 291,127.356981924269,36.3682827819718,47.33,46.77
111,대전지점,충남 청양군 비봉면 작은한술길 48-7,1800,126.7538298771,36.4735537637369,대전광역시 유성구 대학로 291,127.356981924269,36.3682827819718,85.66,84.51
112,대전지점,대전 중구 단재로 378-47,3977,127.415457935942,36.2195179822368,대전광역시 유성구 대학로 291,127.356981924269,36.3682827819718,19.69,22.62
114,대전지점,충남 당진시 송악읍 송악로 368-185,17000,126.719643428651,36.9261154518427,대전광역시 유성구 대학로 291,127.356981924269,36.3682827819718,115.61,114.5
116,대전지점,대전 동구 은어송로 72,1005,127.457985837078,36.3069678174478,대전광역시 유성구 대학로 291,127.356981924269,36.3682827819718,10.23,14.51
121,대전지점,충북 청주시 흥덕구 강내면 서부로 133,15156,127.334659767914,36.5857063346128,대전광역시 유성구 대학로 291,127.356981924269,36.3682827819718,39.54,38.43
125,대전지점,충남 논산시 성동면 성동로 83-11,2600,127.017712082032,36.1933134453005,대전광역시 유성구 대학로 291,127.356981924269,36.3682827819718,60.51,55.09
136,대전지점,충남 청양군 비봉면 작은한술길 42,2600,126.751080476389,36.474168779551,대전광역시 유성구 대학로 291,127.356981924269,36.3682827819718,85.4,84.26
141,대전지점,경북 상주시 사벌국면 목가1길 160,3780,128.184969414293,36.5024589953991,대전광역시 유성구 대학로 291,127.356981924269,36.3682827819718,105.49,118.15
142,대전지점,대전 대덕구 대전로1291번길 145,3030,127.414710953169,36.3741796057724,대전광역시 유성구 대학로 291,127.356981924269,36.3682827819718,4.21,6.63
143,대전지점,대전 대덕구 대화로132번길 101,3970,127.402398452528,36.3689414810598,대전광역시 유성구 대학로 291,127.356981924269,36.3682827819718,2.75,5.01
147,대전지점,서울 구로구 구로중앙로42길 121,350,126.878730551463,37.5117249377536,대전광역시 유성구 대학로 291,127.356981924269,36.3682827819718,170.87,171.81
156,대전지점,경기 양주시 백석읍 월암로 98,6800,126.956933467651,37.8033146621017,대전광역시 유성구 대학로 291,127.356981924269,36.3682827819718,199.34,200.28
159,대전지점,"경기 시흥시 공단1대로 275, 706-2호",10480,NAN,NAN,대전광역시 유성구 대학로 291,127.356981924269,36.3682827819718,,
160,대전지점,충남 부여군 규암면 흥수로 530,0,126.844345538031,36.2621505482747,대전광역시 유성구 대학로 291,127.356981924269,36.3682827819718,74.52,73.91
162,대전지점,충남 서천군 장항읍 장산로 357,36412,126.699721892598,36.0080158724511,대전광역시 유성구 대학로 291,127.356981924269,36.3682827819718,112.01,110.9
163,대전지점,세종 장군면 산학리길 139,0,127.227153215068,36.4886195646575,대전광역시 유성구 대학로 291,127.356981924269,36.3682827819718,24.31,23.71
165,대전지점,충남 논산시 강경읍 농공단지로 22,3000,127.024065936368,36.1422515767226,대전광역시 유성구 대학로 291,127.356981924269,36.3682827819718,55.56,54.96
166,대전지점,충남 논산시 연산면 선비로473번길 69,2612,127.18146105647,36.2238175965852,대전광역시 유성구 대학로 291,127.356981924269,36.3682827819718,33.15,37.32
170,대전지점,대전 대덕구 덕암로 144,1520,127.421641184944,36.4333467859032,대전광역시 유성구 대학로 291,127.356981924269,36.3682827819718,11.33,12.68
173,대전지점,대전 중구 단재로 349,2465,127.416169045241,36.2237562558079,대전광역시 유성구 대학로 291,127.356981924269,36.3682827819718,19.12,22.05
175,대전지점,충남 논산시 성동면 산업단지로5길 19,4590,127.049158919428,36.2167322388069,대전광역시 유성구 대학로 291,127.356981924269,36.3682827819718,46.67,50.93
184,대전지점,충남 서산시 율지18로 38,0,126.465594441755,36.778765249036,대전광역시 유성구 대학로 291,127.356981924269,36.3682827819718,118.77,117.66
186,대전지점,충남 당진시 송악읍 송악로 368-137,7490,126.718829240389,36.927284674738,대전광역시 유성구 대학로 291,127.356981924269,36.3682827819718,115.34,114.23
187,대전지점,"대전 대덕구 대화로106번길 55, 비-5",6950,127.405381736308,36.3692580703455,대전광역시 유성구 대학로 291,127.356981924269,36.3682827819718,3.02,5.28
188,대전지점,대전 대덕구 한밭대로1003번길 158,2300,127.402574038343,36.3621873266064,대전광역시 유성구 대학로 291,127.356981924269,36.3682827819718,3.77,5.65
193,대전지점,"대전 대덕구 동서대로 1783, 202호",3875,127.44359640725,36.3551418847127,대전광역시 유성구 대학로 291,127.356981924269,36.3682827819718,6.44,9.86
199,대전지점,"세종 집현동로 13, 5층",430,127.32453715839,36.4877405554428,대전광역시 유성구 대학로 291,127.356981924269,36.3682827819718,23.03,26.1
200,대전지점,충북 진천군 덕산읍 신척산단2로 1,5057,127.481109112688,36.9223424362297,대전광역시 유성구 대학로 291,127.356981924269,36.3682827819718,74.78,75.72
202,대전지점,충남 금산군 금산읍 인삼로 77,1002,127.490301616764,36.1035557037537,대전광역시 유성구 대학로 291,127.356981924269,36.3682827819718,46.83,53.71
203,대전지점,대전 중구 계백로 1700,3700,127.408799114142,36.3206307458962,대전광역시 유성구 대학로 291,127.356981924269,36.3682827819718,6.15,10.37
204,대전지점,"대전 중구 계백로 1619, 8층 802-2호",1358,127.399787117187,36.3192808907686,대전광역시 유성구 대학로 291,127.356981924269,36.3682827819718,6.56,10.58
207,대전지점,"대전 유성구 죽동로297번길 52, 4층",1500,127.339404048219,36.36930096978,대전광역시 유성구 대학로 291,127.356981924269,36.3682827819718,5.52,4.92
218,대전지점,"대전 중구 계룡로 825, 3층",2500,127.407836053487,36.3267842155492,대전광역시 유성구 대학로 291,127.356981924269,36.3682827819718,4.99,9.21
228,대전지점,경북 경산시 진량읍 공단8로 110,0,128.831833733059,35.8667747028495,대전광역시 유성구 대학로 291,127.356981924269,36.3682827819718,169.58,180.45
230,대전지점,충남 예산군 고덕면 상몽산단로 136,10914,126.700146347398,36.8014446756118,대전광역시 유성구 대학로 291,127.356981924269,36.3682827819718,94.3,93.74
238,대전지점,대전 유성구 테크노2로 66-6,330,127.394216505598,36.4305460467829,대전광역시 유성구 대학로 291,127.356981924269,36.3682827819718,9.73,10.64
241,대전지점,대전 유성구 테크노2로 332,1850,127.410798657916,36.4127424546611,대전광역시 유성구 대학로 291,127.356981924269,36.3682827819718,9.65,10.33
243,대전지점,충남 금산군 군북면 군북로 586,5368,127.529664015408,36.1559444866437,대전광역시 유성구 대학로 291,127.356981924269,36.3682827819718,39.72,35.39
247,대전지점,대전 유성구 죽동로 89,2350,127.333808202563,36.374199832333,대전광역시 유성구 대학로 291,127.356981924269,36.3682827819718,6.0,5.4
251,대전지점,충북 보은군 삼승면 남부로 3790-152,476,127.73306766873,36.4285646335657,대전광역시 유성구 대학로 291,127.356981924269,36.3682827819718,49.28,53.04
252,대전지점,"서울 송파구 송파대로 201, 비동 1304호,1305호",588,NAN,NAN,대전광역시 유성구 대학로 291,127.356981924269,36.3682827819718,,
253,대전지점,"경기 화성시 동탄산단7길 98-7, A동 3층",7651,127.086816978042,37.1796155663492,대전광역시 유성구 대학로 291,127.356981924269,36.3682827819718,116.12,117.69
254,대전지점,"대전 대덕구 신일동로93번길 23, 3층",180,127.412447716991,36.4395755529689,대전광역시 유성구 대학로 291,127.356981924269,36.3682827819718,12.63,13.98
257,대전지점,세종 소정면 소정산단1로 22,4509,127.197669031531,36.7209471422329,대전광역시 유성구 대학로 291,127.356981924269,36.3682827819718,55.6,55.05
258,대전지점,충남 논산시 연산면 계백로 2420-9,324,127.22781838063,36.2227548413483,대전광역시 유성구 대학로 291,127.356981924269,36.3682827819718,27.76,31.94
260,대전지점,세종 소정면 소정산단동로 27,3347,127.201646435233,36.7184442689275,대전광역시 유성구 대학로 291,127.356981924269,36.3682827819718,55.14,54.58
272,대전지점,대전 유성구 테크노1로 11-7,16060,127.388644668088,36.432747380022,대전광역시 유성구 대학로 291,127.356981924269,36.3682827819718,9.47,10.38
283,대전지점,"대전 동구 한밭대로1297번길 9, 501호",7800,127.439837809844,36.3537832936215,대전광역시 유성구 대학로 291,127.356981924269,36.3682827819718,5.58,9.0
285,대전지점,대전 유성구 신성로 155,8400,127.354144903016,36.3958528187991,대전광역시 유성구 대학로 291,127.356981924269,36.3682827819718,6.46,6.3
295,대전지점,"서울 영등포구 국회대로62길 15, 8층",4369,126.916930544113,37.5270870121653,대전광역시 유성구 대학로 291,127.356981924269,36.3682827819718,167.83,166.33
296,대전지점,대전 유성구 국제과학로 11,8500,127.369608483846,36.4752365902494,대전광역시 유성구 대학로 291,127.356981924269,36.3682827819718,18.69,20.04
300,대전지점,"세종 한누리대로 234, 제1동 708호, 709호",1000,127.259114401158,36.4856185583125,대전광역시 유성구 대학로 291,127.356981924269,36.3682827819718,21.16,20.56
309,대전지점,경기 안산시 단원구 능안로 7,6275,126.776335852192,37.3170385648997,대전광역시 유성구 대학로 291,127.356981924269,36.3682827819718,163.33,168.62
312,대전지점,충남 계룡시 두마면 입암길 21,8200,127.269916767943,36.2529908736595,대전광역시 유성구 대학로 291,127.356981924269,36.3682827819718,22.38,21.78
315,대전지점,경기 이천시 마장면 마도로 70-52,11303,127.356037150924,37.2608481649167,대전광역시 유성구 대학로 291,127.356981924269,36.3682827819718,119.44,120.38
316,대전지점,경기 안산시 단원구 별망로677번길 19-15,5000,126.797380571992,37.303280023654,대전광역시 유성구 대학로 291,127.356981924269,36.3682827819718,158.35,158.96
319,대전지점,"경기 안양시 동안구 벌말로 126, 1308, 1309, 1310, 1311, 1312, 1313호",386,NAN,NAN,대전광역시 유성구 대학로 291,127.356981924269,36.3682827819718,,
324,대전지점,"서울 송파구 송파대로 167, B동 511,512호",2000,127.120933640924,37.4846614982049,대전광역시 유성구 대학로 291,127.356981924269,36.3682827819718,151.14,153.48
331,대전지점,"충남 공주시 관골1길 49, 2층",4158,127.133850215114,36.4741249614323,대전광역시 유성구 대학로 291,127.356981924269,36.3682827819718,30.72,30.3
336,대전지점,세종 연동면 청연로 442-16,3000,127.336652607942,36.5448627761569,대전광역시 유성구 대학로 291,127.356981924269,36.3682827819718,33.62,30.74
339,대전지점,인천 남동구 남동대로 394,9477,126.708197602465,37.4178132372547,대전광역시 유성구 대학로 291,127.356981924269,36.3682827819718,172.84,178.13
341,대전지점,대전 유성구 테크노10로 44-19,3800,127.408496013377,36.4185566449292,대전광역시 유성구 대학로 291,127.356981924269,36.3682827819718,10.19,11.54
343,대전지점,충북 청주시 흥덕구 대신로146번길 150,5000,127.444023207595,36.6454168375737,대전광역시 유성구 대학로 291,127.356981924269,36.3682827819718,42.94,43.85
347,대전지점,충북 청주시 흥덕구 오송읍 오송생명10로 47,1830,127.308018204062,36.6189498924696,대전광역시 유성구 대학로 291,127.356981924269,36.3682827819718,40.01,39.41
348,대전지점,대전 중구 단재로 378-47,425,127.415457935942,36.2195179822368,대전광역시 유성구 대학로 291,127.356981924269,36.3682827819718,19.42,22.62
357,대전지점,"서울 송파구 위례성대로16길 12, 501호",620,127.124519418004,37.5118285956629,대전광역시 유성구 대학로 291,127.356981924269,36.3682827819718,159.4,160.47
358,대전지점,충남 아산시 신창면 환경공원로 190-26,10670,126.974392375867,36.8034843520895,대전광역시 유성구 대학로 291,127.356981924269,36.3682827819718,86.46,85.86
362,대전지점,대전 서구 계백로 1159,2800,127.351851429827,36.3052367280206,대전광역시 유성구 대학로 291,127.356981924269,36.3682827819718,8.96,9.31
366,대전지점,대구 동구 매여로 94,1000,128.708304709213,35.888500351327,대전광역시 유성구 대학로 291,127.356981924269,36.3682827819718,162.54,173.24
372,대전지점,전북 김제시 봉황공단1길 303,10170,126.914403710845,35.7729474117637,대전광역시 유성구 대학로 291,127.356981924269,36.3682827819718,96.43,95.86
381,대전지점,대전 동구 태전로 84,3250,127.425936049071,36.336842466974,대전광역시 유성구 대학로 291,127.356981924269,36.3682827819718,5.3,8.72
383,대전지점,충남 논산시 벌곡면 벌곡로 113-43,2500,127.276983157771,36.2161635994144,대전광역시 유성구 대학로 291,127.356981924269,36.3682827819718,23.85,27.88
408,대전지점,서울 강남구 논현로36길 31,16720,127.044358343976,37.4852077342927,대전광역시 유성구 대학로 291,127.356981924269,36.3682827819718,150.67,153.64
410,대전지점,대전 대덕구 한밭대로 1027,15093,127.412686618634,36.358804429677,대전광역시 유성구 대학로 291,127.356981924269,36.3682827819718,2.95,6.37
411,대전지점,서울 영등포구 은행로 14,40000,126.920832037248,37.5271223982536,대전광역시 유성구 대학로 291,127.356981924269,36.3682827819718,167.17,167.75
13,광주지점,광주 광산구 하남산단8번로 20,4000,126.798158931615,35.2085616957877,광주광역시 북구 첨단과기로 123,126.842947893389,35.2268791477147,6.81,5.07
15,광주지점,경기 부천시 오정구 석천로 457,67600,126.769376128457,37.5272112680532,광주광역시 북구 첨단과기로 123,126.842947893389,35.2268791477147,319.75,311.57
23,광주지점,광주 북구 양일로 147-20,6000,126.881407760142,35.1990427034988,광주광역시 북구 첨단과기로 123,126.842947893389,35.2268791477147,10.6,6.3
24,광주지점,전남 장성군 동화면 농공단지길 79,2450,126.731221578267,35.2830112957249,광주광역시 북구 첨단과기로 123,126.842947893389,35.2268791477147,19.58,16.85
44,광주지점,광주 광산구 하남산단8번로 113,3700,126.807408575359,35.2107631674519,광주광역시 북구 첨단과기로 123,126.842947893389,35.2268791477147,6.79,4.19
45,광주지점,광주 광산구 소촌로123번길 40-16,5900,126.788948162545,35.1565252344412,광주광역시 북구 첨단과기로 123,126.842947893389,35.2268791477147,2.9,12.08
46,광주지점,"광주 동구 서석로85번길 8-12, 5층",5000,126.920654631593,35.1500134570187,광주광역시 북구 첨단과기로 123,126.842947893389,35.2268791477147,10.62,15.82
49,광주지점,광주 광산구 첨단중앙로170번길 59,17600,126.845296072134,35.2211038934292,광주광역시 북구 첨단과기로 123,126.842947893389,35.2268791477147,9.19,1.24
54,광주지점,광주 광산구 평동로913번길 36,2527,126.774618841338,35.1289975855399,광주광역시 북구 첨단과기로 123,126.842947893389,35.2268791477147,6.64,14.63
55,광주지점,전남 영암군 삼호읍 용앙로 438,11810,126.422435995108,34.755074576007,광주광역시 북구 첨단과기로 123,126.842947893389,35.2268791477147,72.05,83.72
63,광주지점,전북 순창군 풍산면 풍산로 94-27,5445,127.147008092042,35.3237634330443,광주광역시 북구 첨단과기로 123,126.842947893389,35.2268791477147,44.87,39.02
67,광주지점,광주 광산구 용아로 714,3160,126.805096883785,35.206939364236,광주광역시 북구 첨단과기로 123,126.842947893389,35.2268791477147,6.01,4.72
68,광주지점,전남 순천시 해룡면 여순로 1600,5000,127.530520258248,34.9175216411119,광주광역시 북구 첨단과기로 123,126.842947893389,35.2268791477147,99.34,93.48
70,광주지점,전북 순창군 순창읍 순창로 105,9760,127.14119237805,35.365070621794,광주광역시 북구 첨단과기로 123,126.842947893389,35.2268791477147,45.75,37.95
71,광주지점,경기 안성시 미양면 제2공단4길 33,115986,127.256624510041,36.9785931700561,광주광역시 북구 첨단과기로 123,126.842947893389,35.2268791477147,228.88,222.75
73,광주지점,광주 북구 첨단연신로30번길 53,20000,126.867849203266,35.1987182402439,광주광역시 북구 첨단과기로 123,126.842947893389,35.2268791477147,9.39,5.36
76,광주지점,전북 고창군 아산면 아산농공단지길 41-12,170,126.628583424224,35.4351772382189,광주광역시 북구 첨단과기로 123,126.842947893389,35.2268791477147,44.96,38.84
77,광주지점,전남 곡성군 겸면 마전농공길 72,19258,127.164874322535,35.2795193425912,광주광역시 북구 첨단과기로 123,126.842947893389,35.2268791477147,41.42,35.56
79,광주지점,전남 장성군 삼서면 석마리 273-1번지,3064,126.674265815552,35.191769518971,광주광역시 북구 첨단과기로 123,126.842947893389,35.2268791477147,17.96,26.42
82,광주지점,전남 장성군 황룡면 강변로 430,11450,126.766428794182,35.2819880990105,광주광역시 북구 첨단과기로 123,126.842947893389,35.2268791477147,19.6,13.67
87,광주지점,전남 장성군 황룡면 강변로 430,1400,126.766428794182,35.2819880990105,광주광역시 북구 첨단과기로 123,126.842947893389,35.2268791477147,19.6,13.67
88,광주지점,전남 곡성군 겸면 마전농공길 72,0,127.164874322535,35.2795193425912,광주광역시 북구 첨단과기로 123,126.842947893389,35.2268791477147,41.42,35.56
90,광주지점,전남 나주시 동수농공단지길 30-5,14191,126.689429180858,34.9852391268167,광주광역시 북구 첨단과기로 123,126.842947893389,35.2268791477147,30.74,39.2
92,광주지점,"강원 동해시 공단2로 15-5, 5층",10875,129.141471379832,37.4719410019774,광주광역시 북구 첨단과기로 123,126.842947893389,35.2268791477147,439.35,475.69
99,광주지점,광주 광산구 소촌로123번길 40-11,7500,126.787781119612,35.156162562534,광주광역시 북구 첨단과기로 123,126.842947893389,35.2268791477147,2.92,12.1
101,광주지점,광주 광산구 평동산단로 360,47508,126.76779213131,35.1395089890689,광주광역시 북구 첨단과기로 123,126.842947893389,35.2268791477147,6.42,14.41
102,광주지점,전남 나주시 금천면 영산로 5891-9,7000,126.771336770661,35.0361583015622,광주광역시 북구 첨단과기로 123,126.842947893389,35.2268791477147,17.92,25.91
103,광주지점,전남 광양시 광포3길 61,3660,127.726356389423,34.960995501953,광주광역시 북구 첨단과기로 123,126.842947893389,35.2268791477147,114.98,109.12
107,광주지점,광주 광산구 용아로 728,7575,126.805156832944,35.2082778764915,광주광역시 북구 첨단과기로 123,126.842947893389,35.2268791477147,6.16,4.57
108,광주지점,전북 남원시 산책길 184,2000,127.357293914176,35.3937050654629,광주광역시 북구 첨단과기로 123,126.842947893389,35.2268791477147,72.88,65.08
117,광주지점,광주 광산구 사암로 827-47,300,126.822689173695,35.2193797092834,광주광역시 북구 첨단과기로 123,126.842947893389,35.2268791477147,7.5,2.2
127,광주지점,전북 남원시 광치산업2길 19,2900,127.381787072352,35.4362058275888,광주광역시 북구 첨단과기로 123,126.842947893389,35.2268791477147,74.14,66.34
128,광주지점,광주 서구 상무자유로 149,27953,126.85052502344,35.1520063061274,광주광역시 북구 첨단과기로 123,126.842947893389,35.2268791477147,4.92,12.53
129,광주지점,경기 여주시 주내로 841,5000,127.661809303492,37.2554895477534,광주광역시 북구 첨단과기로 123,126.842947893389,35.2268791477147,293.2,287.07
133,광주지점,전남 장성군 동화면 전자농공단지길 32,6100,126.729196305954,35.2734531303276,광주광역시 북구 첨단과기로 123,126.842947893389,35.2268791477147,18.57,17.83
135,광주지점,광주 광산구 하남산단4번로 22,2000,126.79806509969,35.1929182205191,광주광역시 북구 첨단과기로 123,126.842947893389,35.2268791477147,5.03,6.36
138,광주지점,광주 광산구 평동산단2번로 159,10823,126.767784623721,35.134810903353,광주광역시 북구 첨단과기로 123,126.842947893389,35.2268791477147,6.56,14.56
139,광주지점,전라남도 장성군 동화면 남산리874,7473,126.711319621325,35.2559424709945,광주광역시 북구 첨단과기로 123,126.842947893389,35.2268791477147,18.82,20.49
140,광주지점,전남 장흥군 장흥읍 산단로 277,26780,126.930779239626,34.6930949328973,광주광역시 북구 첨단과기로 123,126.842947893389,35.2268791477147,73.39,78.59
145,광주지점,전북 남원시 산책길 156,6924,127.357687170448,35.3905568557891,광주광역시 북구 첨단과기로 123,126.842947893389,35.2268791477147,73.26,65.46
149,광주지점,전남 여수시 여수산단로 1469-120,2700,127.741202193685,34.8592387747224,광주광역시 북구 첨단과기로 123,126.842947893389,35.2268791477147,125.18,119.58
161,광주지점,광주 북구 추암로 69,2804,126.860556476213,35.2229135041479,광주광역시 북구 첨단과기로 123,126.842947893389,35.2268791477147,12.44,3.15
176,광주지점,"PO Box 309, Ugland House, Grand Cayman, KY1-1104, Cayman Islands",0,NAN,NAN,광주광역시 북구 첨단과기로 123,126.842947893389,35.2268791477147,,
178,광주지점,전남 영광군 백수읍 해안로 1362-70,0,126.411422006391,35.3553396694714,광주광역시 북구 첨단과기로 123,126.842947893389,35.2268791477147,53.37,61.83
180,광주지점,전남 영광군 백수읍 해안로 1362-70,0,126.411422006391,35.3553396694714,광주광역시 북구 첨단과기로 123,126.842947893389,35.2268791477147,53.37,61.83
183,광주지점,전남 광양시 제철로 2408,95250,127.772771182594,34.9137440807262,광주광역시 북구 첨단과기로 123,126.842947893389,35.2268791477147,123.74,118.22
185,광주지점,광주 서구 유림로98번길 43,9791,126.868720742991,35.1710786825458,광주광역시 북구 첨단과기로 123,126.842947893389,35.2268791477147,6.81,11.08
189,광주지점,광주 북구 첨단연신로29번길 27,65699,126.860732109398,35.1988626831024,광주광역시 북구 첨단과기로 123,126.842947893389,35.2268791477147,8.99,4.93
192,광주지점,전남 담양군 무정면 무정로 538,0,127.030608451136,35.2936644899351,광주광역시 북구 첨단과기로 123,126.842947893389,35.2268791477147,33.89,24.38
194,광주지점,전남 해남군 마산면 간척지1길 1,863,126.528619781683,34.6243547566228,광주광역시 북구 첨단과기로 123,126.842947893389,35.2268791477147,92.85,101.36
195,광주지점,광주 광산구 평동산단5번우로 40,4070,126.768796302688,35.1163205793716,광주광역시 북구 첨단과기로 123,126.842947893389,35.2268791477147,8.9,16.55
201,광주지점,전남 담양군 담양읍 에코길 37,180,127.000783970765,35.3399586461222,광주광역시 북구 첨단과기로 123,126.842947893389,35.2268791477147,31.22,22.97
206,광주지점,전남 장성군 동화면 전자농공단지길 17,4883,126.731535638483,35.2730157862503,광주광역시 북구 첨단과기로 123,126.842947893389,35.2268791477147,18.36,18.04
210,광주지점,전남 담양군 금성면 병목로 6,260,127.023092115064,35.3384568956229,광주광역시 북구 첨단과기로 123,126.842947893389,35.2268791477147,34.24,25.99
215,광주지점,광주 광산구 평동산단3번로 98,8820,126.761135022172,35.1293422209418,광주광역시 북구 첨단과기로 123,126.842947893389,35.2268791477147,7.62,15.61
219,광주지점,전남 광양시 광양읍 서평6길 26,1371,127.5786408155,34.9802039574637,광주광역시 북구 첨단과기로 123,126.842947893389,35.2268791477147,99.97,94.11
220,광주지점,경기 화성시 동탄산단1길 45,20890,127.08007234086,37.1626856877239,광주광역시 북구 첨단과기로 123,126.842947893389,35.2268791477147,246.64,240.52
221,광주지점,광주 광산구 하남산단10번로 49,7720,126.802471951754,35.215830625502,광주광역시 북구 첨단과기로 123,126.842947893389,35.2268791477147,7.3,4.38
223,광주지점,광주 광산구 소촌로123번길 40-12,18800,126.788104597852,35.1561473549275,광주광역시 북구 첨단과기로 123,126.842947893389,35.2268791477147,2.93,11.04
232,광주지점,광주 광산구 하남산단10번로 77,1950,126.805775946804,35.2152213406222,광주광역시 북구 첨단과기로 123,126.842947893389,35.2268791477147,7.24,4.08
233,광주지점,광주 북구 첨단벤처로60번길 40,0,126.861394045074,35.2255473970724,광주광역시 북구 첨단과기로 123,126.842947893389,35.2268791477147,12.16,2.64
240,광주지점,"광주 북구 경양로 107, 206호",0,126.9039138946,35.1621248077899,광주광역시 북구 첨단과기로 123,126.842947893389,35.2268791477147,8.62,13.18
245,광주지점,광주 서구 전평길 57,1000,126.846355874548,35.1188862158024,광주광역시 북구 첨단과기로 123,126.842947893389,35.2268791477147,8.31,14.04
246,광주지점,광주 광산구 송촌동 66번지,900,126.775648240228,35.140659231415,광주광역시 북구 첨단과기로 123,126.842947893389,35.2268791477147,5.61,13.61
248,광주지점,"전남 나주시 문화로 194, 601호",6554,126.784002448333,35.0159927283756,광주광역시 북구 첨단과기로 123,126.842947893389,35.2268791477147,20.27,28.73
250,광주지점,전남 여수시 율촌면 율촌산단2로 203-56,8830,127.59551448537,34.8892427326828,광주광역시 북구 첨단과기로 123,126.842947893389,35.2268791477147,104.54,98.69
255,광주지점,광주 광산구 평동산단1번로 97,1000,126.767269816135,35.1379292545751,광주광역시 북구 첨단과기로 123,126.842947893389,35.2268791477147,6.44,14.44
256,광주지점,"충남 천안시 서북구 천안대로 969, 301동 201호",12444,127.151596930864,36.8279101340874,광주광역시 북구 첨단과기로 123,126.842947893389,35.2268791477147,209.31,203.19
259,광주지점,광주 광산구 진곡산단2번로 46,5050,126.790759028265,35.198871237337,광주광역시 북구 첨단과기로 123,126.842947893389,35.2268791477147,6.08,6.37
261,광주지점,전북 완주군 봉동읍 완주산단2로 251,7260,127.130628899799,35.9566440167237,광주광역시 북구 첨단과기로 123,126.842947893389,35.2268791477147,111.74,105.61
262,광주지점,광주 서구 상무대로1147번길 7,11000,126.886233276032,35.1539439005344,광주광역시 북구 첨단과기로 123,126.842947893389,35.2268791477147,7.91,13.5
263,광주지점,"전남 화순군 화순읍 자치샘로 48, 407호",2200,126.986124912964,35.0610383110863,광주광역시 북구 첨단과기로 123,126.842947893389,35.2268791477147,24.15,32.28
264,광주지점,충북 청주시 청원구 오창읍 여천3길 164,1000,127.503899250951,36.7775053614243,광주광역시 북구 첨단과기로 123,126.842947893389,35.2268791477147,217.33,211.21
266,광주지점,광주광역시 광산구 송촌동76,486,126.77794661292,35.1414467466861,광주광역시 북구 첨단과기로 123,126.842947893389,35.2268791477147,5.14,13.13
269,광주지점,"광주 북구 북문대로33번길 11-7, B동 308호",8696,126.881681167863,35.1742865343802,광주광역시 북구 첨단과기로 123,126.842947893389,35.2268791477147,8.3,11.18
270,광주지점,전남 장흥군 안양면 고당월계길 189,1810,126.984197232627,34.6690467154463,광주광역시 북구 첨단과기로 123,126.842947893389,35.2268791477147,81.42,102.73
271,광주지점,경기 이천시 부발읍 부흥로81번길 140-81,34250,127.527532250926,37.3056215522112,광주광역시 북구 첨단과기로 123,126.842947893389,35.2268791477147,284.81,278.69
274,광주지점,광주 광산구 월전로 40,3000,126.775616117652,35.1232907477554,광주광역시 북구 첨단과기로 123,126.842947893389,35.2268791477147,7.39,15.42
276,광주지점,광주 광산구 진곡산단3번로 41-17,7438,126.786002265685,35.2024461572868,광주광역시 북구 첨단과기로 123,126.842947893389,35.2268791477147,9.19,6.43
277,광주지점,충남 예산군 고덕면 예당산단3길 106,8879,126.725321858238,36.7644796740762,광주광역시 북구 첨단과기로 123,126.842947893389,35.2268791477147,227.71,221.55
281,광주지점,광주 광산구 평동산단3번로 105,1600,126.762182090726,35.1311362766804,광주광역시 북구 첨단과기로 123,126.842947893389,35.2268791477147,7.67,15.46
282,광주지점,전남 나주시 동수농공단지길 137-17,16958,126.678606391357,34.9852537768575,광주광역시 북구 첨단과기로 123,126.842947893389,35.2268791477147,32.1,40.56
287,광주지점,"광주 서구 운천로 273, 5층",2000,126.854332624837,35.1567146880007,광주광역시 북구 첨단과기로 123,126.842947893389,35.2268791477147,4.67,11.66
288,광주지점,광주 북구 첨단벤처소로38번길 20-10,3909,126.860841361157,35.2332978183587,광주광역시 북구 첨단과기로 123,126.842947893389,35.2268791477147,12.79,2.97
289,광주지점,광주 광산구 하남산단9번로 183,1100,126.815799647833,35.2147126905695,광주광역시 북구 첨단과기로 123,126.842947893389,35.2268791477147,6.79,3.08
290,광주지점,광주 광산구 평동산단로169번길 25,10000,126.765835975336,35.1210768890297,광주광역시 북구 첨단과기로 123,126.842947893389,35.2268791477147,8.13,16.16
291,광주지점,광주 북구 무등로153번길 21-8,1500,126.900594438864,35.1678825311143,광주광역시 북구 첨단과기로 123,126.842947893389,35.2268791477147,9.33,12.83
293,광주지점,전북 완주군 봉동읍 완주산단8로 66,5000,127.118210008587,35.9598693591389,광주광역시 북구 첨단과기로 123,126.842947893389,35.2268791477147,111.42,105.29
298,광주지점,광주 서구 상무누리로 57-3,4000,126.837095730377,35.147302013483,광주광역시 북구 첨단과기로 123,126.842947893389,35.2268791477147,5.57,11.3
301,광주지점,"전남 영암군 시종면 고분로 6, 1동",2000,126.610223115321,34.8685119980231,광주광역시 북구 첨단과기로 123,126.842947893389,35.2268791477147,47.1,52.31
302,광주지점,광주 서구 매월2로 16,1500,126.858692657615,35.1162032593515,광주광역시 북구 첨단과기로 123,126.842947893389,35.2268791477147,9.97,15.7
307,광주지점,광주 광산구 용아로 647,14710,126.803363946312,35.2012341635832,광주광역시 북구 첨단과기로 123,126.842947893389,35.2268791477147,5.67,4.92
310,광주지점,충남 아산시 둔포면 윤보선로 555,1750,127.024985203473,36.9180232157768,광주광역시 북구 첨단과기로 123,126.842947893389,35.2268791477147,222.22,216.09
313,광주지점,광주 광산구 신창동 110-55번지,3000,126.854867301655,35.1850914912779,광주광역시 북구 첨단과기로 123,126.842947893389,35.2268791477147,8.05,6.06
323,광주지점,광주 광산구 평동산단2번로 108,1000,126.761678465497,35.1330631186153,광주광역시 북구 첨단과기로 123,126.842947893389,35.2268791477147,7.24,15.23
325,광주지점,"광주 북구 북문대로33번길 11-7, 101호",15556,126.881681167863,35.1742865343802,광주광역시 북구 첨단과기로 123,126.842947893389,35.2268791477147,8.3,11.18
326,광주지점,전남 담양군 담양읍 에코길 70,5000,127.003362554485,35.3390222071965,광주광역시 북구 첨단과기로 123,126.842947893389,35.2268791477147,31.3,23.05
329,광주지점,광주 광산구 하남산단9번로 144,625,126.811615261472,35.212787999079,광주광역시 북구 첨단과기로 123,126.842947893389,35.2268791477147,7.09,3.38
330,광주지점,전북 군산시 새만금북로 190,10000,126.559171813042,35.9444384994463,광주광역시 북구 첨단과기로 123,126.842947893389,35.2268791477147,127.89,121.76
332,광주지점,광주 광산구 평동로803번길 43-7,3790,126.760639904227,35.1279822612022,광주광역시 북구 첨단과기로 123,126.842947893389,35.2268791477147,7.85,15.75
334,광주지점,"광주 북구 첨단과기로 123, 광주과학기술원 창업진흥센터 에이동 116-1호",1800,126.842947893389,35.2268791477147,광주광역시 북구 첨단과기로 123,126.842947893389,35.2268791477147,9.7,0.0
338,광주지점,전남 장성군 동화면 남평리 1058-1번지,5060,126.727268237178,35.2759876011465,광주광역시 북구 첨단과기로 123,126.842947893389,35.2268791477147,18.98,18.17
340,광주지점,서울 영등포구 은행로 14,20020,126.920832037248,37.5271223982536,광주광역시 북구 첨단과기로 123,126.842947893389,35.2268791477147,317.05,293.13
342,광주지점,광주 광산구 하남산단천변우로 126-6,2400,126.81451730866,35.2177351214731,광주광역시 북구 첨단과기로 123,126.842947893389,35.2268791477147,7.48,3.77
344,광주지점,"광주 서구 죽봉대로78번길 10, 228호",0,126.884449223418,35.1598226815303,광주광역시 북구 첨단과기로 123,126.842947893389,35.2268791477147,8.04,12.41
346,광주지점,광주 광산구 손재로 382,3000,126.796183674939,35.2000755013049,광주광역시 북구 첨단과기로 123,126.842947893389,35.2268791477147,5.6,5.84
349,광주지점,"반뜬 세랑 자윌란, 인도네시아",0,NAN,NAN,광주광역시 북구 첨단과기로 123,126.842947893389,35.2268791477147,,
350,광주지점,광주 광산구 하남산단4번로 26,19500,126.797563027662,35.1937835823096,광주광역시 북구 첨단과기로 123,126.842947893389,35.2268791477147,5.19,6.2
351,광주지점,광주 광산구 평동산단로 85,2050,126.770993843264,35.1154357357746,광주광역시 북구 첨단과기로 123,126.842947893389,35.2268791477147,8.58,16.58
354,광주지점,광주 북구 첨단연신로 55,1000,126.863507914872,35.2030381150049,광주광역시 북구 첨단과기로 123,126.842947893389,35.2268791477147,8.8,4.86
356,광주지점,광주 광산구 월전동 1258번지,0,126.772857612784,35.1219519533891,광주광역시 북구 첨단과기로 123,126.842947893389,35.2268791477147,7.71,15.74
359,광주지점,광주 북구 첨단벤처로16번길 3,3398,126.857188743145,35.2234052301449,광주광역시 북구 첨단과기로 123,126.842947893389,35.2268791477147,11.88,2.75
360,광주지점,"광주 광산구 임방울대로 472, 2층",465,126.820178832581,35.2020535808271,광주광역시 북구 첨단과기로 123,126.842947893389,35.2268791477147,6.13,4.23
365,광주지점,"광주 북구 첨단과기로208번길 50, 생산형창업보육센터 110호",241,126.847802118787,35.2226006057792,광주광역시 북구 첨단과기로 123,126.842947893389,35.2268791477147,9.63,1.76
367,광주지점,전남 담양군 무정면 무정공단길 25,500,127.028473133809,35.296796264613,광주광역시 북구 첨단과기로 123,126.842947893389,35.2268791477147,33.83,24.32
368,광주지점,광주 광산구 평동옥동로 16,7700,126.766132429284,35.1141176740186,광주광역시 북구 첨단과기로 123,126.842947893389,35.2268791477147,9.27,16.86
369,광주지점,전남 화순군 능주면 능주농공길 42,3000,126.961618962801,34.981103948918,광주광역시 북구 첨단과기로 123,126.842947893389,35.2268791477147,34.09,42.22
371,광주지점,"경기 안성시 아양3로 56, 상가 106호",297,127.253449871029,37.0062180351885,광주광역시 북구 첨단과기로 123,126.842947893389,35.2268791477147,232.74,226.61
373,광주지점,광주 남구 개동마을길 15,265,126.827177425613,35.0926032277999,광주광역시 북구 첨단과기로 123,126.842947893389,35.2268791477147,10.85,16.58
374,광주지점,"전남 화순군 화순읍 대리길 17, 상가동 201호",4000,126.979730388679,35.0592913585818,광주광역시 북구 첨단과기로 123,126.842947893389,35.2268791477147,24.16,32.29
376,광주지점,전남 나주시 노안삼도로 110-54,200,126.723722617701,35.061679486439,광주광역시 북구 첨단과기로 123,126.842947893389,35.2268791477147,20.42,28.46
379,광주지점,전남 나주시 왕곡면 혁신산단4길 50,6750,126.695491263931,34.9702139249142,광주광역시 북구 첨단과기로 123,126.842947893389,35.2268791477147,32.27,40.73
380,광주지점,전남 함평군 해보면 신해로 708,10000,126.560383814341,35.177183708623,광주광역시 북구 첨단과기로 123,126.842947893389,35.2268791477147,25.66,33.65
382,광주지점,"경기 용인시 기흥구 강남로 9, 5층 501호",1000,127.126755130047,37.2715415561679,광주광역시 북구 첨단과기로 123,126.842947893389,35.2268791477147,261.06,254.93
384,광주지점,전남 강진군 성전면 송학리 846-7번지,6200,126.744857837602,34.6755519297657,광주광역시 북구 첨단과기로 123,126.842947893389,35.2268791477147,70.79,77.39
385,광주지점,전남 영암군 삼호읍 에프원로 121-1,30000,126.42785393705,34.7357331871307,광주광역시 북구 첨단과기로 123,126.842947893389,35.2268791477147,81.11,92.93
386,광주지점,"광주 동구 천변우로 369, 101호",13750,126.911767476719,35.1477661677025,광주광역시 북구 첨단과기로 123,126.842947893389,35.2268791477147,9.77,14.97
387,광주지점,"서울 관악구 호암로 518, 2층",29209,126.931830008327,37.4639368873121,광주광역시 북구 첨단과기로 123,126.842947893389,35.2268791477147,307.93,301.81
388,광주지점,"광주 북구 용봉로 77, 5에이224호,5에이233호",1200,NAN,NAN,광주광역시 북구 첨단과기로 123,126.842947893389,35.2268791477147,,
389,광주지점,"광주 서구 군분2로 54, 1층 46호",4750,126.881569567033,35.1577521829142,광주광역시 북구 첨단과기로 123,126.842947893389,35.2268791477147,6.93,13.53
391,광주지점,광주 서구 풍암중앙로 37,2750,126.87846311036,35.1251046694219,광주광역시 북구 첨단과기로 123,126.842947893389,35.2268791477147,10.53,16.26
392,광주지점,"경기 성남시 분당구 성남대로 381, 1001-2호",27600,NAN,NAN,광주광역시 북구 첨단과기로 123,126.842947893389,35.2268791477147,,
393,광주지점,광주 광산구 빛그린동로 182,7565,126.671460642243,35.1786253836129,광주광역시 북구 첨단과기로 123,126.842947893389,35.2268791477147,16.61,25.07
394,광주지점,전북 익산시 팔봉동 827-2번지,1208,127.003159037422,35.9528266615944,광주광역시 북구 첨단과기로 123,126.842947893389,35.2268791477147,107.06,100.94
397,광주지점,전남 함평군 해보면 해보농공길 31,450,126.606455660641,35.1688325097919,광주광역시 북구 첨단과기로 123,126.842947893389,35.2268791477147,21.33,29.32
398,광주지점,광주 광산구 손재로 512-39,3930,126.800002753622,35.2116461115552,광주광역시 북구 첨단과기로 123,126.842947893389,35.2268791477147,7.22,4.65
401,광주지점,전남 장흥군 장흥읍 산단로 277,3200,126.930779239626,34.6930949328973,광주광역시 북구 첨단과기로 123,126.842947893389,35.2268791477147,73.39,78.59
403,광주지점,"전남 함평군 함평읍 내대화길 130, 604호",2990,126.516013818999,35.0632644044277,광주광역시 북구 첨단과기로 123,126.842947893389,35.2268791477147,31.98,40.03
404,광주지점,SARIMESE MAH. AKKISLA SK. HOWON OTOMOTIV SITESI NO:35 IC KAPI NO:1 KARTEPE/KOCAELI,0,NAN,NAN,광주광역시 북구 첨단과기로 123,126.842947893389,35.2268791477147,,
405,광주지점,"경남 창원시 진해구 충장로 140-1, 6층",33590,128.667466582159,35.1516448277189,광주광역시 북구 첨단과기로 123,126.842947893389,35.2268791477147,221.26,215.4
407,광주지점,충남 서산시 대산읍 대죽리 1195번지,2700,126.390176410861,36.9939401618981,광주광역시 북구 첨단과기로 123,126.842947893389,35.2268791477147,246.95,240.82
