{
    "response": {
        "sanctionId": 100562,
        "relateSanctionId": null,
        "relateSanctionSubject": null,
        "sanctionTypeCode": "01",
        "sanctionTypeName": "사전확인",
        "sanctionSubject": "[증권시세정보 제공 계약] 주식회사 알파프라임 사전확인 신청",
        "sanctionContents": "<p></p>\n<!-- table data -->\n<div style=\"flex: 1; color: #121212; font-size: 18px; font-family: 'Arial', '맑은 고딕', 'Malgun Gothic', '돋음', 'Dotum', 'Helvetica', 'Apple SD Gothic Neo', sans-serif; line-height: 1.3;\"><!-- 신규 table -->\n<table style=\"width: 980px; border-collapse: collapse; border-spacing: 0; border: 1px solid #dddddd;\"><caption style=\"display: none;\"><strong>정보상품</strong></caption><colgroup> <col style=\"width: 70px;\" /> <col style=\"width: 428px;\" /> <col style=\"width: 90px;\" /> <col style=\"width: 110px;\" /> <col style=\"width: 120px;\" /> <col style=\"width: 145px;\" /> </colgroup>\n<thead>\n<tr style=\"background-color: #f9f9f9; border-bottom: 1px solid #dddddd;\">\n<th scope=\"col\" style=\"height: 54px; border-right: 1px solid #dddddd;\">구분</th>\n<th scope=\"col\" style=\"border-right: 1px solid #dddddd;\">상품명</th>\n<th scope=\"col\" style=\"border-right: 1px solid #dddddd;\">화폐단위</th>\n<th scope=\"col\" style=\"border-right: 1px solid #dddddd;\">이용료(월)</th>\n<th scope=\"col\" style=\"border-right: 1px solid #dddddd;\">제공방식</th>\n<th scope=\"col\" style=\"border-right: 1px solid #dddddd;\">계약 효력일</th>\n</tr>\n</thead>\n<tbody>\n<tr style=\"border-bottom: 1px solid #dddddd; text-align: center;\">\n<td style=\"padding: 26px 10px; border-right: 1px solid #dddddd;\">신규</td>\n<td style=\"padding: 26px 10px; border-right: 1px solid #dddddd; text-align: left;\">증권A/국내/실시간정보/[외부제공]소매사업전용/인터넷</td>\n<td style=\"padding: 26px 10px; border-right: 1px solid #dddddd;\">KRW</td>\n<td style=\"padding: 26px 10px; border-right: 1px solid #dddddd;\">2,000,000</td>\n<td style=\"padding: 26px 10px; border-right: 1px solid #dddddd;\">TCP</td>\n<td style=\"padding: 26px 10px;\">2023-03-01</td>\n</tr>\n<tr style=\"border-bottom: 1px solid #dddddd; text-align: center;\">\n<td style=\"padding: 26px 10px; border-right: 1px solid #dddddd;\">신규</td>\n<td style=\"padding: 26px 10px; border-right: 1px solid #dddddd; text-align: left;\">증권B/국내/실시간정보/[외부제공]소매사업전용/인터넷</td>\n<td style=\"padding: 26px 10px; border-right: 1px solid #dddddd;\">KRW</td>\n<td style=\"padding: 26px 10px; border-right: 1px solid #dddddd;\">800,000</td>\n<td style=\"padding: 26px 10px; border-right: 1px solid #dddddd;\">TCP</td>\n<td style=\"padding: 26px 10px;\">2023-03-01</td>\n</tr>\n<tr style=\"border-bottom: 1px solid #dddddd; text-align: center;\">\n<td style=\"padding: 26px 10px; border-right: 1px solid #dddddd;\">신규</td>\n<td style=\"padding: 26px 10px; border-right: 1px solid #dddddd; text-align: left;\">증권C/국내/실시간정보/[외부제공]소매사업전용/인터넷</td>\n<td style=\"padding: 26px 10px; border-right: 1px solid #dddddd;\">KRW</td>\n<td style=\"padding: 26px 10px; border-right: 1px solid #dddddd;\">500,000</td>\n<td style=\"padding: 26px 10px; border-right: 1px solid #dddddd;\">TCP</td>\n<td style=\"padding: 26px 10px;\">2023-03-01</td>\n</tr>\n<tr style=\"border-bottom: 1px solid #dddddd; font-weight: 600; text-align: center;\">\n<td style=\"padding: 26px 10px; border-right: 1px solid #dddddd;\"></td>\n<td style=\"padding: 26px 10px; border-right: 1px solid #dddddd;\">합계</td>\n<td style=\"padding: 26px 10px; border-right: 1px solid #dddddd;\">KRW</td>\n<td style=\"padding: 26px 10px; border-right: 1px solid #dddddd;\">3,300,000</td>\n<td style=\"padding: 26px 10px; border-right: 1px solid #dddddd;\" colspan=\"2\"></td>\n</tr>\n</tbody>\n</table>\n<div style=\"margin-top: 10px;\">주1) 계약 효력(개시)일은 고객사의 사정에 따라 변경 가능</div>\n<div style=\"margin-top: 10px;\">주2) 현재 인터넷(TCP)으로 시세 수신 중인 것으로 파악됨</div>\n<!-- //신규 table --> <!-- 해지 table -->\n<div style=\"margin-top: 50px;\">\n<table style=\"width: 980px; border-collapse: collapse; border-spacing: 0; border: 1px solid #dddddd;\"><caption style=\"display: none;\"><strong>정보상품</strong></caption><colgroup> <col style=\"width: 70px;\" /> <col style=\"width: 428px;\" /> <col style=\"width: 90px;\" /> <col style=\"width: 110px;\" /> <col style=\"width: 120px;\" /> <col style=\"width: 145px;\" /> </colgroup>\n<thead>\n<tr style=\"background-color: #f9f9f9; border-bottom: 1px solid #dddddd;\">\n<th scope=\"col\" style=\"height: 54px; border-right: 1px solid #dddddd;\">구분</th>\n<th scope=\"col\" style=\"border-right: 1px solid #dddddd;\">상품명</th>\n<th scope=\"col\" style=\"border-right: 1px solid #dddddd;\">화폐단위</th>\n<th scope=\"col\" style=\"border-right: 1px solid #dddddd;\">이용료(월)</th>\n<th scope=\"col\" style=\"border-right: 1px solid #dddddd;\">제공방식</th>\n<th scope=\"col\" style=\"border-right: 1px solid #dddddd;\">계약 효력일</th>\n</tr>\n</thead>\n<tbody>\n<tr style=\"border-bottom: 1px solid #dddddd; text-align: center;\">\n<td style=\"padding: 26px 10px; border-right: 1px solid #dddddd;\">해지</td>\n<td style=\"padding: 26px 10px; border-right: 1px solid #dddddd; text-align: left;\">증권A/국내/실시간정보/[외부제공]소매사업전용/간접수신(정보벤더)</td>\n<td style=\"padding: 26px 10px; border-right: 1px solid #dddddd;\">KRW</td>\n<td style=\"padding: 26px 10px; border-right: 1px solid #dddddd;\">2,000,000</td>\n<td style=\"padding: 26px 10px; border-right: 1px solid #dddddd;\">간접</td>\n<td style=\"padding: 26px 10px; border-right: 1px solid #dddddd;\">2023-03-01</td>\n</tr>\n<tr style=\"border-bottom: 1px solid #dddddd; text-align: center;\">\n<td style=\"padding: 26px 10px; border-right: 1px solid #dddddd;\">해지</td>\n<td style=\"padding: 26px 10px; border-right: 1px solid #dddddd; text-align: left;\">증권B/국내/실시간정보/[외부제공]소매사업전용/간접수신(정보벤더)</td>\n<td style=\"padding: 26px 10px; border-right: 1px solid #dddddd;\">KRW</td>\n<td style=\"padding: 26px 10px; border-right: 1px solid #dddddd;\">800,000</td>\n<td style=\"padding: 26px 10px; border-right: 1px solid #dddddd;\">간접</td>\n<td style=\"padding: 26px 10px; border-right: 1px solid #dddddd;\">2023-03-01</td>\n</tr>\n<tr style=\"border-bottom: 1px solid #dddddd; text-align: center;\">\n<td style=\"padding: 26px 10px; border-right: 1px solid #dddddd;\">해지</td>\n<td style=\"padding: 26px 10px; border-right: 1px solid #dddddd; text-align: left;\">증권C/국내/실시간정보/[외부제공]소매사업전용/간접수신(정보벤더)</td>\n<td style=\"padding: 26px 10px; border-right: 1px solid #dddddd;\">KRW</td>\n<td style=\"padding: 26px 10px; border-right: 1px solid #dddddd;\">500,000</td>\n<td style=\"padding: 26px 10px; border-right: 1px solid #dddddd;\">간접</td>\n<td style=\"padding: 26px 10px; border-right: 1px solid #dddddd;\">2023-03-01</td>\n</tr>\n<tr style=\"border-bottom: 1px solid #dddddd; font-weight: 600; text-align: center;\">\n<td style=\"padding: 26px 10px; border-right: 1px solid #dddddd;\"></td>\n<td style=\"padding: 26px 10px; border-right: 1px solid #dddddd;\">합계</td>\n<td style=\"padding: 26px 10px; border-right: 1px solid #dddddd;\">KRW</td>\n<td style=\"padding: 26px 10px; border-right: 1px solid #dddddd;\">3,300,000</td>\n<td style=\"padding: 26px 10px; border-right: 1px solid #dddddd;\" colspan=\"3\"></td>\n</tr>\n</tbody>\n</table>\n</div>\n<div style=\"margin-top: 10px;\">주) 계약 효력(개시)일은 고객사의 사정에 따라 변경 가능</div>\n<!-- //해지 table --></div>\n<!-- //table data -->\n<p></p>\n<!-- default info -->\n<div style=\"margin-top: 20px; padding: 40px 0; border-top: 2px;\">\n<div style=\"font-size: 20px;\">사전확인을 위와 같이 신청합니다.</div>\n<div style=\"font-size: 30px; text-align: center; margin-top: 40px;\">㈜코스콤 대표이사 <span style=\"font-size: medium;\">(직인 생략)</span></div>\n</div>\n<!-- //default info -->",
        "sanctionMemo": null,
        "sanctionDocumentNumber": "KRXDATA20230202083826142",
        "krxSanctionSubject": "[증권시세정보 제공 계약] 주식회사 알파프라임 사전확인 신청",
        "krxSanctionContents": "<p></p>\n<!-- table data -->\n<div style=\"flex: 1; color: #121212; font-size: 18px; font-family: 'Arial', '맑은 고딕', 'Malgun Gothic', '돋음', 'Dotum', 'Helvetica', 'Apple SD Gothic Neo', sans-serif; line-height: 1.3;\"><!-- 신규 table -->\n<table style=\"width: 980px; border-collapse: collapse; border-spacing: 0; border: 1px solid #dddddd;\"><caption style=\"display: none;\"><strong>정보상품</strong></caption><colgroup> <col style=\"width: 70px;\" /> <col style=\"width: 428px;\" /> <col style=\"width: 90px;\" /> <col style=\"width: 110px;\" /> <col style=\"width: 120px;\" /> <col style=\"width: 145px;\" /> </colgroup>\n<thead>\n<tr style=\"background-color: #f9f9f9; border-bottom: 1px solid #dddddd;\">\n<th scope=\"col\" style=\"height: 54px; border-right: 1px solid #dddddd;\">구분</th>\n<th scope=\"col\" style=\"border-right: 1px solid #dddddd;\">상품명</th>\n<th scope=\"col\" style=\"border-right: 1px solid #dddddd;\">화폐단위</th>\n<th scope=\"col\" style=\"border-right: 1px solid #dddddd;\">이용료(월)</th>\n<th scope=\"col\" style=\"border-right: 1px solid #dddddd;\">제공방식</th>\n<th scope=\"col\" style=\"border-right: 1px solid #dddddd;\">계약 효력일</th>\n</tr>\n</thead>\n<tbody>\n<tr style=\"border-bottom: 1px solid #dddddd; text-align: center;\">\n<td style=\"padding: 26px 10px; border-right: 1px solid #dddddd;\">신규</td>\n<td style=\"padding: 26px 10px; border-right: 1px solid #dddddd; text-align: left;\">증권A/국내/실시간정보/[외부제공]소매사업전용/인터넷</td>\n<td style=\"padding: 26px 10px; border-right: 1px solid #dddddd;\">KRW</td>\n<td style=\"padding: 26px 10px; border-right: 1px solid #dddddd;\">2,000,000</td>\n<td style=\"padding: 26px 10px; border-right: 1px solid #dddddd;\">TCP</td>\n<td style=\"padding: 26px 10px;\">2023-03-01</td>\n</tr>\n<tr style=\"border-bottom: 1px solid #dddddd; text-align: center;\">\n<td style=\"padding: 26px 10px; border-right: 1px solid #dddddd;\">신규</td>\n<td style=\"padding: 26px 10px; border-right: 1px solid #dddddd; text-align: left;\">증권B/국내/실시간정보/[외부제공]소매사업전용/인터넷</td>\n<td style=\"padding: 26px 10px; border-right: 1px solid #dddddd;\">KRW</td>\n<td style=\"padding: 26px 10px; border-right: 1px solid #dddddd;\">800,000</td>\n<td style=\"padding: 26px 10px; border-right: 1px solid #dddddd;\">TCP</td>\n<td style=\"padding: 26px 10px;\">2023-03-01</td>\n</tr>\n<tr style=\"border-bottom: 1px solid #dddddd; text-align: center;\">\n<td style=\"padding: 26px 10px; border-right: 1px solid #dddddd;\">신규</td>\n<td style=\"padding: 26px 10px; border-right: 1px solid #dddddd; text-align: left;\">증권C/국내/실시간정보/[외부제공]소매사업전용/인터넷</td>\n<td style=\"padding: 26px 10px; border-right: 1px solid #dddddd;\">KRW</td>\n<td style=\"padding: 26px 10px; border-right: 1px solid #dddddd;\">500,000</td>\n<td style=\"padding: 26px 10px; border-right: 1px solid #dddddd;\">TCP</td>\n<td style=\"padding: 26px 10px;\">2023-03-01</td>\n</tr>\n<tr style=\"border-bottom: 1px solid #dddddd; font-weight: 600; text-align: center;\">\n<td style=\"padding: 26px 10px; border-right: 1px solid #dddddd;\"></td>\n<td style=\"padding: 26px 10px; border-right: 1px solid #dddddd;\">합계</td>\n<td style=\"padding: 26px 10px; border-right: 1px solid #dddddd;\">KRW</td>\n<td style=\"padding: 26px 10px; border-right: 1px solid #dddddd;\">3,300,000</td>\n<td style=\"padding: 26px 10px; border-right: 1px solid #dddddd;\" colspan=\"2\"></td>\n</tr>\n</tbody>\n</table>\n<div style=\"margin-top: 10px;\">주1) 계약 효력(개시)일은 고객사의 사정에 따라 변경 가능</div>\n<div style=\"margin-top: 10px;\">주2) 현재 인터넷(TCP)으로 시세 수신 중인 것으로 파악됨</div>\n<!-- //신규 table --> <!-- 해지 table -->\n<div style=\"margin-top: 50px;\">\n<table style=\"width: 980px; border-collapse: collapse; border-spacing: 0; border: 1px solid #dddddd;\"><caption style=\"display: none;\"><strong>정보상품</strong></caption><colgroup> <col style=\"width: 70px;\" /> <col style=\"width: 428px;\" /> <col style=\"width: 90px;\" /> <col style=\"width: 110px;\" /> <col style=\"width: 120px;\" /> <col style=\"width: 145px;\" /> </colgroup>\n<thead>\n<tr style=\"background-color: #f9f9f9; border-bottom: 1px solid #dddddd;\">\n<th scope=\"col\" style=\"height: 54px; border-right: 1px solid #dddddd;\">구분</th>\n<th scope=\"col\" style=\"border-right: 1px solid #dddddd;\">상품명</th>\n<th scope=\"col\" style=\"border-right: 1px solid #dddddd;\">화폐단위</th>\n<th scope=\"col\" style=\"border-right: 1px solid #dddddd;\">이용료(월)</th>\n<th scope=\"col\" style=\"border-right: 1px solid #dddddd;\">제공방식</th>\n<th scope=\"col\" style=\"border-right: 1px solid #dddddd;\">계약 효력일</th>\n</tr>\n</thead>\n<tbody>\n<tr style=\"border-bottom: 1px solid #dddddd; text-align: center;\">\n<td style=\"padding: 26px 10px; border-right: 1px solid #dddddd;\">해지</td>\n<td style=\"padding: 26px 10px; border-right: 1px solid #dddddd; text-align: left;\">증권A/국내/실시간정보/[외부제공]소매사업전용/간접수신(정보벤더)</td>\n<td style=\"padding: 26px 10px; border-right: 1px solid #dddddd;\">KRW</td>\n<td style=\"padding: 26px 10px; border-right: 1px solid #dddddd;\">2,000,000</td>\n<td style=\"padding: 26px 10px; border-right: 1px solid #dddddd;\">간접</td>\n<td style=\"padding: 26px 10px; border-right: 1px solid #dddddd;\">2023-03-01</td>\n</tr>\n<tr style=\"border-bottom: 1px solid #dddddd; text-align: center;\">\n<td style=\"padding: 26px 10px; border-right: 1px solid #dddddd;\">해지</td>\n<td style=\"padding: 26px 10px; border-right: 1px solid #dddddd; text-align: left;\">증권B/국내/실시간정보/[외부제공]소매사업전용/간접수신(정보벤더)</td>\n<td style=\"padding: 26px 10px; border-right: 1px solid #dddddd;\">KRW</td>\n<td style=\"padding: 26px 10px; border-right: 1px solid #dddddd;\">800,000</td>\n<td style=\"padding: 26px 10px; border-right: 1px solid #dddddd;\">간접</td>\n<td style=\"padding: 26px 10px; border-right: 1px solid #dddddd;\">2023-03-01</td>\n</tr>\n<tr style=\"border-bottom: 1px solid #dddddd; text-align: center;\">\n<td style=\"padding: 26px 10px; border-right: 1px solid #dddddd;\">해지</td>\n<td style=\"padding: 26px 10px; border-right: 1px solid #dddddd; text-align: left;\">증권C/국내/실시간정보/[외부제공]소매사업전용/간접수신(정보벤더)</td>\n<td style=\"padding: 26px 10px; border-right: 1px solid #dddddd;\">KRW</td>\n<td style=\"padding: 26px 10px; border-right: 1px solid #dddddd;\">500,000</td>\n<td style=\"padding: 26px 10px; border-right: 1px solid #dddddd;\">간접</td>\n<td style=\"padding: 26px 10px; border-right: 1px solid #dddddd;\">2023-03-01</td>\n</tr>\n<tr style=\"border-bottom: 1px solid #dddddd; font-weight: 600; text-align: center;\">\n<td style=\"padding: 26px 10px; border-right: 1px solid #dddddd;\"></td>\n<td style=\"padding: 26px 10px; border-right: 1px solid #dddddd;\">합계</td>\n<td style=\"padding: 26px 10px; border-right: 1px solid #dddddd;\">KRW</td>\n<td style=\"padding: 26px 10px; border-right: 1px solid #dddddd;\">3,300,000</td>\n<td style=\"padding: 26px 10px; border-right: 1px solid #dddddd;\" colspan=\"3\"></td>\n</tr>\n</tbody>\n</table>\n</div>\n<div style=\"margin-top: 10px;\">주) 계약 효력(개시)일은 고객사의 사정에 따라 변경 가능</div>\n<!-- //해지 table --></div>\n<!-- //table data -->\n<p></p>\n<!-- default info -->\n<div style=\"margin-top: 20px; padding: 40px 0; border-top: 2px;\">\n<div style=\"font-size: 20px;\">사전확인을 위와 같이 신청합니다.</div>\n<div style=\"font-size: 30px; text-align: center; margin-top: 40px;\">㈜코스콤 대표이사 <span style=\"font-size: medium;\">(직인 생략)</span></div>\n</div>\n<!-- //default info -->",
        "krxSanctionMemo": null,
        "sanctionStatusCode": "04",
        "sanctionStatusName": "완료",
        "sanctionReason": "",
        "ordersSectionCode": "02",
        "ordersSectionName": "변경",
        "createKoreanFullName": "이상원",
        "createEnglishFullName": "LeeSangwon",
        "createDateTime": "2023-02-01T17:43:29",
        "updateDateTime": "2023-02-08T10:33:07",
        "approvalLines": [
            {
                "sanctionLineId": 101543,
                "sanctionerTypeCode": "01",
                "managerId": 100047,
                "koreanFullName": "김선경",
                "englishFullName": "KimSun Kyung",
                "userId": null,
                "sanctionOrder": 1,
                "absenceYn": "N",
                "absenceReasonCode": "",
                "absenceReasonDescription": "",
                "sanctionOpinion": "",
                "sanctionStatusCode": "04",
                "sanctionStatusName": null,
                "officialPositionName": "팀장"
            },
            {
                "sanctionLineId": 101544,
                "sanctionerTypeCode": "01",
                "managerId": 100048,
                "koreanFullName": "박세창",
                "englishFullName": "ParkSechang",
                "userId": null,
                "sanctionOrder": 2,
                "absenceYn": "N",
                "absenceReasonCode": "",
                "absenceReasonDescription": "",
                "sanctionOpinion": "",
                "sanctionStatusCode": "04",
                "sanctionStatusName": null,
                "officialPositionName": "부서장"
            },
            {
                "sanctionLineId": 101545,
                "sanctionerTypeCode": "02",
                "managerId": null,
                "koreanFullName": null,
                "englishFullName": null,
                "userId": 100112,
                "sanctionOrder": 3,
                "absenceYn": "N",
                "absenceReasonCode": "",
                "absenceReasonDescription": "",
                "sanctionOpinion": "",
                "sanctionStatusCode": "04",
                "sanctionStatusName": null,
                "officialPositionName": null
            }
        ],
        "ordersApprovalMappings": [
            {
                "ordersSanctionId": 100850,
                "ordersId": 102319,
                "ordersSectionCode": "02",
                "ordersTypeName": "표준/실시간/국내/일반/외부제공",
                "companyName": "주식회사 알파프라임",
                "companyId": 106654,
                "sanctionId": 100562
            }
        ],
        "ordersPauseRequestApprovalMappings": [],
        "files": [],
        "krxFiles": [],
        "cancelFiles": []
    },
    "structured": [
        [
            [
                "구분",
                "상품명",
                "화폐단위",
                "이용료(월)",
                "제공방식",
                "계약 효력일"
            ],
            [
                "신규",
                "증권A/국내/실시간정보/[외부제공]소매사업전용/인터넷",
                "KRW",
                "2,000,000",
                "TCP",
                "2023-03-01"
            ],
            [
                "신규",
                "증권B/국내/실시간정보/[외부제공]소매사업전용/인터넷",
                "KRW",
                "800,000",
                "TCP",
                "2023-03-01"
            ],
            [
                "신규",
                "증권C/국내/실시간정보/[외부제공]소매사업전용/인터넷",
                "KRW",
                "500,000",
                "TCP",
                "2023-03-01"
            ],
            [
                "",
                "합계",
                "KRW",
                "3,300,000",
                ""
            ]
        ],
        [
            [
                "구분",
                "상품명",
                "화폐단위",
                "이용료(월)",
                "제공방식",
                "계약 효력일"
            ],
            [
                "해지",
                "증권A/국내/실시간정보/[외부제공]소매사업전용/간접수신(정보벤더)",
                "KRW",
                "2,000,000",
                "간접",
                "2023-03-01"
            ],
            [
                "해지",
                "증권B/국내/실시간정보/[외부제공]소매사업전용/간접수신(정보벤더)",
                "KRW",
                "800,000",
                "간접",
                "2023-03-01"
            ],
            [
                "해지",
                "증권C/국내/실시간정보/[외부제공]소매사업전용/간접수신(정보벤더)",
                "KRW",
                "500,000",
                "간접",
                "2023-03-01"
            ],
            [
                "",
                "합계",
                "KRW",
                "3,300,000",
                ""
            ]
        ],
        [
            [
                "구분",
                "상품명",
                "화폐단위",
                "이용료(월)",
                "제공방식",
                "계약 효력일"
            ],
            [
                "신규",
                "증권A/국내/실시간정보/[외부제공]소매사업전용/인터넷",
                "KRW",
                "2,000,000",
                "TCP",
                "2023-03-01"
            ],
            [
                "신규",
                "증권B/국내/실시간정보/[외부제공]소매사업전용/인터넷",
                "KRW",
                "800,000",
                "TCP",
                "2023-03-01"
            ],
            [
                "신규",
                "증권C/국내/실시간정보/[외부제공]소매사업전용/인터넷",
                "KRW",
                "500,000",
                "TCP",
                "2023-03-01"
            ],
            [
                "",
                "합계",
                "KRW",
                "3,300,000",
                ""
            ]
        ],
        [
            [
                "구분",
                "상품명",
                "화폐단위",
                "이용료(월)",
                "제공방식",
                "계약 효력일"
            ],
            [
                "해지",
                "증권A/국내/실시간정보/[외부제공]소매사업전용/간접수신(정보벤더)",
                "KRW",
                "2,000,000",
                "간접",
                "2023-03-01"
            ],
            [
                "해지",
                "증권B/국내/실시간정보/[외부제공]소매사업전용/간접수신(정보벤더)",
                "KRW",
                "800,000",
                "간접",
                "2023-03-01"
            ],
            [
                "해지",
                "증권C/국내/실시간정보/[외부제공]소매사업전용/간접수신(정보벤더)",
                "KRW",
                "500,000",
                "간접",
                "2023-03-01"
            ],
            [
                "",
                "합계",
                "KRW",
                "3,300,000",
                ""
            ]
        ]
    ],
    "unstructured": "{\"sanctionId\":100562,\"relateSanctionId\":null,\"relateSanctionSubject\":null,\"sanctionTypeCode\":\"01\",\"sanctionTypeName\":\"사전확인\",\"sanctionSubject\":\"[증권시세정보 제공 계약] 주식회사 알파프라임 사전확인 신청\",\"sanctionContents\":\" \\n \\n \\n 정보상품 \\n \\n \\n 구분 \\n 상품명 \\n 화폐단위 \\n 이용료(월) \\n 제공방식 \\n 계약 효력일 \\n \\n \\n \\n \\n 신규 \\n 증권A/국내/실시간정보/[외부제공]소매사업전용/인터넷 \\n KRW \\n 2,000,000 \\n TCP \\n 2023-03-01 \\n \\n \\n 신규 \\n 증권B/국내/실시간정보/[외부제공]소매사업전용/인터넷 \\n KRW \\n 800,000 \\n TCP \\n 2023-03-01 \\n \\n \\n 신규 \\n 증권C/국내/실시간정보/[외부제공]소매사업전용/인터넷 \\n KRW \\n 500,000 \\n TCP \\n 2023-03-01 \\n \\n \\n \\n 합계 \\n KRW \\n 3,300,000 \\n \\n \\n \\n \\n 주1) 계약 효력(개시)일은 고객사의 사정에 따라 변경 가능 \\n 주2) 현재 인터넷(TCP)으로 시세 수신 중인 것으로 파악됨 \\n \\n \\n 정보상품 \\n \\n \\n 구분 \\n 상품명 \\n 화폐단위 \\n 이용료(월) \\n 제공방식 \\n 계약 효력일 \\n \\n \\n \\n \\n 해지 \\n 증권A/국내/실시간정보/[외부제공]소매사업전용/간접수신(정보벤더) \\n KRW \\n 2,000,000 \\n 간접 \\n 2023-03-01 \\n \\n \\n 해지 \\n 증권B/국내/실시간정보/[외부제공]소매사업전용/간접수신(정보벤더) \\n KRW \\n 800,000 \\n 간접 \\n 2023-03-01 \\n \\n \\n 해지 \\n 증권C/국내/실시간정보/[외부제공]소매사업전용/간접수신(정보벤더) \\n KRW \\n 500,000 \\n 간접 \\n 2023-03-01 \\n \\n \\n \\n 합계 \\n KRW \\n 3,300,000 \\n \\n \\n \\n \\n \\n 주) 계약 효력(개시)일은 고객사의 사정에 따라 변경 가능 \\n \\n \\n \\n \\n \\n 사전확인을 위와 같이 신청합니다. \\n ㈜코스콤 대표이사 (직인 생략) \\n \\n \",\"sanctionMemo\":null,\"sanctionDocumentNumber\":\"KRXDATA20230202083826142\",\"krxSanctionSubject\":\"[증권시세정보 제공 계약] 주식회사 알파프라임 사전확인 신청\",\"krxSanctionContents\":\" \\n \\n \\n 정보상품 \\n \\n \\n 구분 \\n 상품명 \\n 화폐단위 \\n 이용료(월) \\n 제공방식 \\n 계약 효력일 \\n \\n \\n \\n \\n 신규 \\n 증권A/국내/실시간정보/[외부제공]소매사업전용/인터넷 \\n KRW \\n 2,000,000 \\n TCP \\n 2023-03-01 \\n \\n \\n 신규 \\n 증권B/국내/실시간정보/[외부제공]소매사업전용/인터넷 \\n KRW \\n 800,000 \\n TCP \\n 2023-03-01 \\n \\n \\n 신규 \\n 증권C/국내/실시간정보/[외부제공]소매사업전용/인터넷 \\n KRW \\n 500,000 \\n TCP \\n 2023-03-01 \\n \\n \\n \\n 합계 \\n KRW \\n 3,300,000 \\n \\n \\n \\n \\n 주1) 계약 효력(개시)일은 고객사의 사정에 따라 변경 가능 \\n 주2) 현재 인터넷(TCP)으로 시세 수신 중인 것으로 파악됨 \\n \\n \\n 정보상품 \\n \\n \\n 구분 \\n 상품명 \\n 화폐단위 \\n 이용료(월) \\n 제공방식 \\n 계약 효력일 \\n \\n \\n \\n \\n 해지 \\n 증권A/국내/실시간정보/[외부제공]소매사업전용/간접수신(정보벤더) \\n KRW \\n 2,000,000 \\n 간접 \\n 2023-03-01 \\n \\n \\n 해지 \\n 증권B/국내/실시간정보/[외부제공]소매사업전용/간접수신(정보벤더) \\n KRW \\n 800,000 \\n 간접 \\n 2023-03-01 \\n \\n \\n 해지 \\n 증권C/국내/실시간정보/[외부제공]소매사업전용/간접수신(정보벤더) \\n KRW \\n 500,000 \\n 간접 \\n 2023-03-01 \\n \\n \\n \\n 합계 \\n KRW \\n 3,300,000 \\n \\n \\n \\n \\n \\n 주) 계약 효력(개시)일은 고객사의 사정에 따라 변경 가능 \\n \\n \\n \\n \\n \\n 사전확인을 위와 같이 신청합니다. \\n ㈜코스콤 대표이사 (직인 생략) \\n \\n \",\"krxSanctionMemo\":null,\"sanctionStatusCode\":\"04\",\"sanctionStatusName\":\"완료\",\"sanctionReason\":\"\",\"ordersSectionCode\":\"02\",\"ordersSectionName\":\"변경\",\"createKoreanFullName\":\"이상원\",\"createEnglishFullName\":\"LeeSangwon\",\"createDateTime\":\"2023-02-01T17:43:29\",\"updateDateTime\":\"2023-02-08T10:33:07\",\"approvalLines\":[{\"sanctionLineId\":101543,\"sanctionerTypeCode\":\"01\",\"managerId\":100047,\"koreanFullName\":\"김선경\",\"englishFullName\":\"KimSun Kyung\",\"userId\":null,\"sanctionOrder\":1,\"absenceYn\":\"N\",\"absenceReasonCode\":\"\",\"absenceReasonDescription\":\"\",\"sanctionOpinion\":\"\",\"sanctionStatusCode\":\"04\",\"sanctionStatusName\":null,\"officialPositionName\":\"팀장\"},{\"sanctionLineId\":101544,\"sanctionerTypeCode\":\"01\",\"managerId\":100048,\"koreanFullName\":\"박세창\",\"englishFullName\":\"ParkSechang\",\"userId\":null,\"sanctionOrder\":2,\"absenceYn\":\"N\",\"absenceReasonCode\":\"\",\"absenceReasonDescription\":\"\",\"sanctionOpinion\":\"\",\"sanctionStatusCode\":\"04\",\"sanctionStatusName\":null,\"officialPositionName\":\"부서장\"},{\"sanctionLineId\":101545,\"sanctionerTypeCode\":\"02\",\"managerId\":null,\"koreanFullName\":null,\"englishFullName\":null,\"userId\":100112,\"sanctionOrder\":3,\"absenceYn\":\"N\",\"absenceReasonCode\":\"\",\"absenceReasonDescription\":\"\",\"sanctionOpinion\":\"\",\"sanctionStatusCode\":\"04\",\"sanctionStatusName\":null,\"officialPositionName\":null}],\"ordersApprovalMappings\":[{\"ordersSanctionId\":100850,\"ordersId\":102319,\"ordersSectionCode\":\"02\",\"ordersTypeName\":\"표준/실시간/국내/일반/외부제공\",\"companyName\":\"주식회사 알파프라임\",\"companyId\":106654,\"sanctionId\":100562}],\"ordersPauseRequestApprovalMappings\":[],\"files\":[],\"krxFiles\":[],\"cancelFiles\":[]}"
}